[{"name":"Welcome","settings":[{"type":"header","content":"Theme settings for Sunrise"},{"type":"paragraph","content":"Thanks for purchasing the Sunrise theme. Use the theme options below to configure your theme."},{"type":"paragraph","content":"You can find a list of FAQs at the [Sunrise Theme](http:\/\/sunrise-theme.myshopify.com\/pages\/faq) demo site."},{"type":"paragraph","content":"If you find a bug please let me know by email to rawsterne@gmail.com"}]},{"name":"Theme Options","settings":[{"type":"image","id":"favicon.png","label":"Your favicon (16 x 16px)","max-width":16,"max-height":16},{"type":"select","id":"products_per_row","label":"Products Per Row","options":[{"value":"2","label":"2"},{"value":"3","label":"3"},{"value":"4","label":"4"},{"value":"5","label":"5"},{"value":"6","label":"6"}],"default":"3"},{"type":"text","id":"paginate_products_by","label":"Products Per Page?","default":"6"},{"type":"checkbox","id":"show_bread","label":"Show breadcrumbs?"}]},{"name":"Responsive options","settings":[{"type":"color","id":"mobile_button_bg","label":"Mobile button background","default":"#FF3720"},{"type":"color","id":"mobile_button_text","label":"Mobile button text","default":"#FF3720"},{"type":"header","content":"Hide the following items for mobiles..."},{"type":"checkbox","id":"mobile_hide_slideshow","label":"Homepage slideshow"},{"type":"checkbox","id":"mobile_related_items","label":"Product related items"},{"type":"checkbox","id":"mobile_hide_prd_images","label":"Extra product images"},{"type":"checkbox","id":"mobile_hide_coll_desc","label":"Collection description"}]},{"name":"Logo","settings":[{"type":"checkbox","id":"custom_logo","label":"Use a custom site logo?"},{"type":"image","id":"logo.png","label":"Your Logo","max-width":600},{"type":"paragraph","content":"If you aren't using a custom logo, you can set the color and size of your text logo here..."},{"type":"color","id":"logo_color","label":"Logo color","default":"#333333"},{"type":"color","id":"logo_hover","label":"Logo color on hover","default":"#000000"},{"type":"text","id":"logo_size","label":"Logo size in px","default":"32","info":"Enter numbers only e.g. 32"}]},{"name":"Fonts (Headings)","settings":[{"type":"radio","id":"header_font_method","label":"Choose a font method for headers:","options":[{"value":"google_fonts","label":"Google WebFonts"},{"value":"websafe","label":"Websafe fonts You can see how these look and select a font to use by visiting the [Google WebFonts](http:\/\/www.google.com\/webfonts) site."}]},{"type":"textarea","id":"header_google_font","label":"Paste the link code from Google WebFonts","info":"You can find this by clicking a font in [Google WebFonts](http:\/\/www.google.com\/webfonts) and then clicking the \"Quick-use\" link. Copy the code from the \"standard\" code box."},{"type":"textarea","id":"header_google_font_name","label":"Specify the Google Webfonts name","info":"You can find this by clicking a font in [Google WebFonts](http:\/\/www.google.com\/webfonts) and then clicking the \"Quick-use\" link. Copy the font name from section 4."},{"type":"select","id":"header_font","label":"Headers (if using websafe fonts)","options":[{"value":"Helvetica, Arial, sans-serif","label":"Helvetica\/Arial"},{"value":"Impact, Charcoal, Helvetica, Arial, sans-serif","label":"Impact","group":"Sans-serif"},{"value":"'Lucida Grande', 'Lucida Sans Unicode', 'Lucida Sans', Lucida, Helvetica, Arial, sans-serif","label":"Lucida Grande","group":"Sans-serif"},{"value":"Trebuchet MS, sans-serif","label":"Trebuchet MS","group":"Sans-serif"},{"value":"Verdana, Helvetica, Arial, sans-serif","label":"Verdana","group":"Sans-serif"},{"value":"Garamond, Baskerville, Caslon, serif","label":"Garamond","group":"Serif"},{"value":"Georgia, Utopia, 'Times New Roman', Times, serif","label":"Georgia","group":"Serif"},{"value":"Palatino, 'Palatino Linotype', 'Book Antiqua', serif","label":"Palatino","group":"Serif"},{"value":"'Times New Roman', Times, serif","label":"Times New Roman","group":"Serif"},{"value":"'Courier New', Courier, monospace","label":"Courier New","group":"Monospace"},{"value":"Monaco, 'Lucida Console', 'DejaVu Sans Mono', monospace","label":"Monaco\/Lucida Console","group":"Monospace"}],"default":"Helvetica, Arial, sans-serif"},{"type":"select","id":"header_font_style","label":"Header Font Style","options":[{"value":"none","label":"None"},{"value":"uppercase","label":"Uppercase"},{"value":"lowercase","label":"Lowercase"}],"default":"none"},{"type":"select","id":"header_font_weight","label":"Header Font Weight","options":[{"value":"normal","label":"Normal"},{"value":"bold","label":"Bold"}],"default":"normal"}]},{"name":"Fonts (Regular text)","settings":[{"type":"radio","id":"text_font_method","label":"Choose a method for text:","options":[{"value":"google_fonts","label":"Google WebFonts"},{"value":"websafe","label":"Websafe fonts You can see how these look and select a font to use by visiting the [Google WebFonts](http:\/\/www.google.com\/webfonts) site."}]},{"type":"textarea","id":"text_google_font","label":"Paste the link code from Google WebFonts","info":"You can find this by clicking a font in [Google WebFonts](http:\/\/www.google.com\/webfonts) and then clicking the \"Quick-use\" link. Copy the code from the \"standard\" code box."},{"type":"textarea","id":"text_google_font_name","label":"Specify the Google Webfonts name","info":"You can find this by clicking a font in [Google WebFonts](http:\/\/www.google.com\/webfonts) and then clicking the \"Quick-use\" link. Copy the font name from section 4."},{"type":"select","id":"text_font","label":"Text (if using websafe fonts)","options":[{"value":"Helvetica, Arial, sans-serif","label":"Helvetica\/Arial"},{"value":"Impact, Charcoal, Helvetica, Arial, sans-serif","label":"Impact","group":"Sans-serif"},{"value":"'Lucida Grande', 'Lucida Sans Unicode', 'Lucida Sans', Lucida, Helvetica, Arial, sans-serif","label":"Lucida Grande","group":"Sans-serif"},{"value":"Trebuchet MS, sans-serif","label":"Trebuchet MS","group":"Sans-serif"},{"value":"Verdana, Helvetica, Arial, sans-serif","label":"Verdana","group":"Sans-serif"},{"value":"Garamond, Baskerville, Caslon, serif","label":"Garamond","group":"Serif"},{"value":"Georgia, Utopia, 'Times New Roman', Times, serif","label":"Georgia","group":"Serif"},{"value":"Palatino, 'Palatino Linotype', 'Book Antiqua', serif","label":"Palatino","group":"Serif"},{"value":"'Times New Roman', Times, serif","label":"Times New Roman","group":"Serif"},{"value":"'Courier New', Courier, monospace","label":"Courier New","group":"Monospace"},{"value":"Monaco, 'Lucida Console', 'DejaVu Sans Mono', monospace","label":"Monaco\/Lucida Console","group":"Monospace"}],"default":"Helvetica, Arial, sans-serif"}]},{"name":"Minicart (header)","settings":[{"type":"select","id":"minicart_bg","label":"Minicart background image","options":[{"value":"cloud-cart.png","label":"Cloud"},{"value":"minicart-paper.png","label":"Brown paper"},{"value":"cart-simple-light.png","label":"Simple light"},{"value":"cart-simple-dark.png","label":"Simple dark"}],"default":"cloud-cart.png"},{"type":"color","id":"minicart_text","label":"Minicart Text","default":"#0a6e99"},{"type":"color","id":"minicart_text_hover","label":"Minicart Text on hover","default":"#333333"}]},{"name":"Banner Ad","settings":[{"type":"paragraph","content":"This is the ad that appears at the top of the page. Suggested size is 800px wide and it can be any height. Note:leave the 'Link to' field blank if you don't want it to be clickable."},{"type":"checkbox","id":"show_banner_ad","label":"Show Banner Ad?","default":true},{"type":"image","id":"banner-ad.jpg","label":"Upload your image","max-width":800},{"type":"text","id":"banner_ad_link","label":"Link to","default":"\/pages\/about-us"},{"type":"header","content":"Select pages to display ad"},{"type":"paragraph","content":"Display?"},{"type":"checkbox","id":"banner_ad_home","label":"Home page","default":true},{"type":"checkbox","id":"banner_ad_collection","label":"Collection page","default":true},{"type":"checkbox","id":"banner_ad_product","label":"Product page","default":true},{"type":"checkbox","id":"banner_ad_cart","label":"Cart","default":true},{"type":"checkbox","id":"banner_ad_page","label":"Single Page (about, contact etc.)","default":true},{"type":"checkbox","id":"banner_ad_blog","label":"Blog","default":true}]},{"name":"Homepage","settings":[{"type":"checkbox","id":"show_home_products","label":"Show Products on homepage?"},{"type":"checkbox","id":"slider","label":"Slider"},{"type":"collection","id":"home_collection","label":"Collection for homepage products"},{"type":"text","id":"home_collection_title","label":"Popular Product Title"},{"type":"text","id":"home_collection_no","label":"Number of products to display?","default":"3"},{"type":"checkbox","id":"show_home_text","label":"Show text on homepage?"},{"type":"page","id":"home_text_page","label":"Select a page","info":"Select a page to pull the content from."}]},{"name":"Top Menu Bar","settings":[{"type":"checkbox","id":"show_top_menu","label":"Show top menu bar?"},{"type":"link_list","id":"main_menu_linklist","label":"Linklist for main menu"},{"type":"paragraph","content":"In the next section, set 2 colors for the menu bar and they form a gradient..."},{"type":"color","id":"top_menu_bg","label":"Menu Background Top","default":"#FFFCE5"},{"type":"color","id":"top_menu_bg1","label":"Menu Background Bottom","default":"#BCEBFF"},{"type":"color","id":"top_menu_links","label":"Menu Links","default":"#FE8345"},{"type":"color","id":"top_menu_links_hover","label":"Menu Links (hover)","default":"#ef3226"},{"type":"color","id":"top_menu_links_border","label":"Menu Links Borders","default":"#c3e7ea"},{"type":"color","id":"top_menu_sub_bg","label":"Sub Menu Background","default":"#fff"},{"type":"color","id":"top_menu_links_sub","label":"Sub Menu Links","default":"#FE8345"},{"type":"color","id":"top_menu_links_sub_hover","label":"Sub Menu Links (hover)","default":"#333333"},{"type":"header","content":"Adjust Menu Font Size"},{"type":"paragraph","content":"Useful when using custom fonts as they often appear larger\/smaller than web-safe fonts"},{"type":"text","id":"nav_font_size","label":"Font size in px","default":"16","info":"Enter numbers only e.g. 16"}]},{"name":"Buttons","settings":[{"type":"select","id":"button_case","label":"Button style","options":[{"value":"none","label":"None"},{"value":"uppercase","label":"Uppercase"},{"value":"lowercase","label":"Lowercase"}],"default":"none"},{"type":"checkbox","id":"button_bold","label":"Make button text bold?"},{"type":"paragraph","content":"In the next section, set 2 colors for the button background and they form a gradient..."},{"type":"color","id":"button_bg_col","label":"Button Background Top","default":"#ffbd3e"},{"type":"color","id":"button_bg_col1","label":"Button Background Bottom","default":"#ff7700"},{"type":"color","id":"button_text","label":"Button Text","default":"#FFFFFF"},{"type":"color","id":"button_bg_color_hover","label":"Button Background (hover)","default":"#00E752"},{"type":"color","id":"button_text_hover","label":"Button Text (hover)","default":"#FFFFFF"},{"type":"color","id":"button_sec_bg_color","label":"Secondary Button Background","default":"#00BF9F","info":"These are the continue shopping, update cart and shipping estimator buttons"},{"type":"color","id":"button_sec_text","label":"Secondary Button Text","default":"#FFFFFF"},{"type":"color","id":"button_sec_bg_color_hover","label":"Secondary Button Background (on hover)","default":"#00E752"},{"type":"color","id":"button_sec_text_hover","label":"Secondary Button Text (on hover)","default":"#FFFFFF"}]},{"name":"General Colors","settings":[{"type":"color","id":"bg_color","label":"Background","default":"#fff9c1"},{"type":"color","id":"text_color","label":"Regular text","default":"#234d61"},{"type":"color","id":"heading_color","label":"Headings","default":"#2b5f77"},{"type":"color","id":"link_color","label":"Links","default":"#ff3720"},{"type":"color","id":"link_hover_color","label":"Links on hover","default":"#333"},{"type":"color","id":"content_bg","label":"Content background","default":"#ffffff"},{"type":"select","id":"content_bg_opacity","label":"Content background opacity","options":[{"value":"1.0","label":"100%"},{"value":"0.75","label":"75%"},{"value":"0.5","label":"50%"},{"value":"0.25","label":"25%"},{"value":"0.1","label":"10%"}],"default":"1.0"},{"type":"color","id":"content_borders","label":"Content borders","default":"#ffffff"},{"type":"color","id":"field_bg_color","label":"Field background color","default":"#FFFFFF"},{"type":"color","id":"field_text_color","label":"Field text color","default":"#555555"},{"type":"color","id":"field_border_color","label":"Field border color","default":"#70B1CC"},{"type":"color","id":"field_border_focus","label":"Field border color (active)","default":"#333333"},{"type":"color","id":"pagin_color","label":"Pagination text color","default":"#999999"},{"type":"color","id":"pagin_color_hover","label":"Pagination text color (hover)","default":"#333333"},{"type":"color","id":"pagin_bg_hover","label":"Pagination background (hover)","default":"#FFFFFF"},{"type":"color","id":"pagin_text_curr","label":"Pagination text (current page)","default":"#FFFFFF"},{"type":"color","id":"pagin_bg_curr","label":"Pagination background (current page)","default":"#00BF9F"},{"type":"color","id":"customer_box_bg","label":"Customer login box background","default":"#d0f5ee"},{"type":"paragraph","content":"Set your colors for the accordion that appears in the content area"},{"type":"color","id":"acc_text","label":"Accordion header text","default":"#234D61"},{"type":"color","id":"acc_bg","label":"Accordion header background","default":"#ffffff"},{"type":"color","id":"acc_text_active","label":"Accordion header text (active)","default":"#FF5300"}]},{"name":"Site Background Image","settings":[{"type":"select","id":"site_bg_image","label":"Set your site background image","options":[{"value":"nobackground","label":"No background"},{"value":"site-background.jpg","label":"Uploaded background"},{"value":"bg-sky-gradient.png","label":"Sky gradient"},{"value":"bg-balloons.png","label":"Balloons"},{"value":"bg-nightscape.jpg","label":"Dark City"},{"value":"bg-clouds.png","label":"Clouds"},{"value":"bg-wood.jpg","label":"Wood"}],"default":"site-background.jpg","info":"Suggested size is 1680x1050 px if you want to fill the screen without repeating the image"},{"type":"image","id":"site-background.jpg","label":"Upload your background image"},{"type":"select","id":"bg_image_y_position","label":"Position","options":[{"value":"top","label":"Top"},{"value":"center","label":"Center"},{"value":"bottom","label":"Bottom"}],"default":"bottom"},{"type":"select","id":"bg_image_x_position","options":[{"value":"left","label":"Left"},{"value":"center","label":"Center"},{"value":"right","label":"Right"}],"default":"right"},{"type":"select","id":"bg_image_repeat","label":"Tiling","options":[{"value":"no-repeat","label":"Do not tile"},{"value":"repeat-x","label":"Tile horizontally"},{"value":"repeat-y","label":"Tile vertically"},{"value":"repeat","label":"Tile everywhere"}],"default":"no-repeat"},{"type":"select","id":"bg_image_attachment","label":"Scrolling","options":[{"value":"scroll","label":"Scrolls with page"},{"value":"fixed","label":"Stays fixed"}],"default":"fixed"},{"type":"checkbox","id":"stretch_bg","label":"Make image fill browser window?","info":"Works for modern browsers only"}]},{"name":"Brand Scroller","settings":[{"type":"checkbox","id":"show_brand_scroller","label":"Show Brand Scroller?","default":true},{"type":"text","id":"scroller_title","label":"Header for scroller","default":"Our Brands"},{"type":"header","content":"Select pages to display the scroller"},{"type":"paragraph","content":"Display?"},{"type":"checkbox","id":"scroller_home","label":"Home page","default":true},{"type":"checkbox","id":"scroller_collection","label":"Collection page","default":true},{"type":"checkbox","id":"scroller_product","label":"Product page","default":true},{"type":"checkbox","id":"scroller_cart","label":"Cart","default":true},{"type":"checkbox","id":"scroller_page","label":"Single Page (about, contact etc.)","default":true},{"type":"checkbox","id":"scroller_blog","label":"Blog","default":true},{"type":"paragraph","content":"You can upload your own button image here for the scroller arrows or choose one of the included sets."},{"type":"select","id":"scroller_arrows","label":"Scroller arrows","options":[{"value":"scroller-buttons.png","label":"Orange circles"},{"value":"scroller-buttons-light.png","label":"Light rectangles"},{"value":"scroller-buttons-dark.png","label":"Dark rectangles"},{"value":"scroller-buttons-custom.png","label":"Your buttons (upload below)"}],"default":"scroller-buttons.png"},{"type":"image","id":"scroller-buttons-custom.png","label":"Upload your button image","max-width":60,"info":"The image should be 60px wide by 30px high. And it should contain 2 buttons each 30px x 30px."},{"type":"select","id":"scroll_start","label":"Start scrolling automatically?","options":[{"value":"5000","label":"Yes"},{"value":"false","label":"No"}],"default":"5000"},{"type":"paragraph","content":"Suggested size for brand logos is 300px wide by 150px high. You can use a different size, but for best results, try to make all your brand logos the same height and width."},{"type":"checkbox","id":"show_brand1","label":"Show Brand 1?"},{"type":"image","id":"brand1.png","label":"Brand 1 image","max-width":300},{"type":"text","id":"brand1_link","label":"Brand 1 Link","default":"\/collections\/all"},{"type":"text","id":"brand1_name","label":"Brand name (for SEO)","default":"Brand"},{"type":"checkbox","id":"show_brand2","label":"Show Brand 2?"},{"type":"image","id":"brand2.png","label":"Brand 2 image","max-width":300},{"type":"text","id":"brand2_link","label":"Brand 2 Link","default":"\/collections\/all"},{"type":"text","id":"brand2_name","label":"Brand name (for SEO)","default":"Brand"},{"type":"checkbox","id":"show_brand3","label":"Show Brand 3?"},{"type":"image","id":"brand3.png","label":"Brand 3 image","max-width":300},{"type":"text","id":"brand3_link","label":"Brand 3 Link","default":"\/collections\/all"},{"type":"text","id":"brand3_name","label":"Brand name (for SEO)","default":"Brand"},{"type":"checkbox","id":"show_brand4","label":"Show Brand 4?"},{"type":"image","id":"brand4.png","label":"Brand 4 image","max-width":300},{"type":"text","id":"brand4_link","label":"Brand 4 Link","default":"\/collections\/all"},{"type":"text","id":"brand4_name","label":"Brand name (for SEO)","default":"Brand"},{"type":"checkbox","id":"show_brand5","label":"Show Brand 5?"},{"type":"image","id":"brand5.png","label":"Brand 5 image","max-width":300},{"type":"text","id":"brand5_link","label":"Brand 5 Link","default":"\/collections\/all"},{"type":"text","id":"brand5_name","label":"Brand name (for SEO)","default":"Brand"},{"type":"checkbox","id":"show_brand6","label":"Show Brand 6?"},{"type":"image","id":"brand6.png","label":"Brand 6 image","max-width":300},{"type":"text","id":"brand6_link","label":"Brand 6 Link","default":"\/collections\/all"},{"type":"text","id":"brand6_name","label":"Brand name (for SEO)","default":"Brand"},{"type":"checkbox","id":"show_brand7","label":"Show Brand 7?"},{"type":"image","id":"brand7.png","label":"Brand 7 image","max-width":300},{"type":"text","id":"brand7_link","label":"Brand 7 Link","default":"\/collections\/all"},{"type":"text","id":"brand7_name","label":"Brand name (for SEO)","default":"Brand"},{"type":"checkbox","id":"show_brand8","label":"Show Brand 8?"},{"type":"image","id":"brand8.png","label":"Brand 8 image","max-width":300},{"type":"text","id":"brand8_link","label":"Brand 8 Link","default":"\/collections\/all"},{"type":"text","id":"brand8_name","label":"Brand name (for SEO)","default":"Brand"},{"type":"checkbox","id":"show_brand9","label":"Show Brand 9?"},{"type":"image","id":"brand9.png","label":"Brand 9 image","max-width":300},{"type":"text","id":"brand9_link","label":"Brand 9 Link","default":"\/collections\/all"},{"type":"text","id":"brand9_name","label":"Brand name (for SEO)","default":"Brand"},{"type":"checkbox","id":"show_brand10","label":"Show Brand 10?"},{"type":"image","id":"brand10.png","label":"Brand 10 image","max-width":300},{"type":"text","id":"brand10_link","label":"Brand 10 Link","default":"\/collections\/all"},{"type":"text","id":"brand10_name","label":"Brand name (for SEO)","default":"Brand"},{"type":"checkbox","id":"show_brand11","label":"Show Brand 11?"},{"type":"image","id":"brand11.png","label":"Brand 11 image","max-width":300},{"type":"text","id":"brand11_link","label":"Brand 11 Link","default":"\/collections\/all"},{"type":"text","id":"brand11_name","label":"Brand name (for SEO)","default":"Brand"},{"type":"checkbox","id":"show_brand12","label":"Show Brand 12?"},{"type":"image","id":"brand12.png","label":"Brand 12 image","max-width":300},{"type":"text","id":"brand12_link","label":"Brand 12 Link","default":"\/collections\/all"},{"type":"text","id":"brand12_name","label":"Brand name (for SEO)","default":"Brand"},{"type":"checkbox","id":"show_brand13","label":"Show Brand 13?"},{"type":"image","id":"brand13.png","label":"Brand 13 image","max-width":300},{"type":"text","id":"brand13_link","label":"Brand 13 Link","default":"\/collections\/all"},{"type":"text","id":"brand13_name","label":"Brand name (for SEO)","default":"Brand"},{"type":"checkbox","id":"show_brand14","label":"Show Brand 14?"},{"type":"image","id":"brand14.png","label":"Brand 14 image","max-width":300},{"type":"text","id":"brand14_link","label":"Brand 14 Link","default":"\/collections\/all"},{"type":"text","id":"brand14_name","label":"Brand name (for SEO)","default":"Brand"},{"type":"checkbox","id":"show_brand15","label":"Show Brand 15?"},{"type":"image","id":"brand15.png","label":"Brand 15 image","max-width":300},{"type":"text","id":"brand15_link","label":"Brand 15 Link","default":"\/collections\/all"},{"type":"text","id":"brand15_name","label":"Brand name (for SEO)","default":"Brand"}]},{"name":"Home Page - Slider","settings":[{"type":"paragraph","content":"You can turn this section on and off in the Home Page section above Note: The optimal dimensions for your slider images are 970px wide by 450px high."},{"type":"header","content":"Options"},{"type":"checkbox","id":"slider_home_enable","label":"Enable slider"},{"type":"checkbox","id":"slider_home_auto","label":"Auto-rotate slides"},{"type":"select","id":"slider_home_rate","label":"Rotation interval","options":[{"value":"5000","label":"5 seconds"},{"value":"7000","label":"7 seconds"},{"value":"10000","label":"10 seconds"},{"value":"15000","label":"15 seconds"}]},{"type":"select","id":"slider_home_transition","label":"Animation","options":[{"value":"fade","label":"Fade"},{"value":"slide","label":"Slide"}]},{"type":"header","content":"Slide 1"},{"type":"checkbox","id":"slide_1","label":"Enable"},{"type":"image","id":"slide_1.jpg","label":"Image","max-width":970},{"type":"text","id":"slide_1_link","label":"Link URL"},{"type":"text","id":"slide_1_alt","label":"Image Alt Text"},{"type":"header","content":"Slide 2"},{"type":"checkbox","id":"slide_2","label":"Enable"},{"type":"image","id":"slide_2.jpg","label":"Image","max-width":970},{"type":"text","id":"slide_2_link","label":"Link URL"},{"type":"text","id":"slide_2_alt","label":"Image Alt Text"},{"type":"header","content":"Slide 3"},{"type":"checkbox","id":"slide_3","label":"Enable"},{"type":"image","id":"slide_3.jpg","label":"Image","max-width":970},{"type":"text","id":"slide_3_link","label":"Link URL"},{"type":"text","id":"slide_3_alt","label":"Image Alt Text"},{"type":"header","content":"Slide 4"},{"type":"checkbox","id":"slide_4","label":"Enable"},{"type":"image","id":"slide_4.jpg","label":"Image","max-width":970},{"type":"text","id":"slide_4_link","label":"Link URL"},{"type":"text","id":"slide_4_alt","label":"Image Alt Text"},{"type":"header","content":"Slide 5"},{"type":"checkbox","id":"slide_5","label":"Enable"},{"type":"image","id":"slide_5.jpg","label":"Image","max-width":970},{"type":"text","id":"slide_5_link","label":"Link URL"},{"type":"text","id":"slide_5_alt","label":"Image Alt Text"},{"type":"header","content":"Slide 6"},{"type":"checkbox","id":"slide_6","label":"Enable"},{"type":"image","id":"slide_6.jpg","label":"Image","max-width":970},{"type":"text","id":"slide_6_link","label":"Link URL"},{"type":"text","id":"slide_6_alt","label":"Image Alt Text"}]},{"name":"Home Slideshow","settings":[{"type":"checkbox","id":"show_slideshow","label":"Show Homepage Slideshow?"},{"type":"select","id":"slideshow_speed","label":"Show slideshow images for","options":[{"value":"10000","label":"10 seconds"},{"value":"9000","label":"9 seconds"},{"value":"8000","label":"8 seconds"},{"value":"7000","label":"7 seconds"},{"value":"6000","label":"6 seconds"},{"value":"5000","label":"5 seconds"},{"value":"4000","label":"4 seconds"},{"value":"3000","label":"3 seconds"},{"value":"2000","label":"2 seconds"}],"default":"7000"},{"type":"select","id":"slide_trans","label":"Slide transition","options":[{"value":"fade","label":"Fade"},{"value":"scrollHorz","label":"Scroll horizontally"}],"default":"scrollHorz"},{"type":"checkbox","id":"auto_scroll","label":"Autoplay slideshow?"},{"type":"color","id":"caption_bg","label":"Caption background color","default":"#000000"},{"type":"color","id":"caption_text","label":"Caption text color","default":"#ffffff"},{"type":"color","id":"slider_bg","label":"Slideshow background color","default":"#FFFFFF"},{"type":"paragraph","content":"You can upload your own slide button image here or choose one of the included sets. [see faqs](http:\/\/sunrise-theme.myshopify.com\/pages\/faq)"},{"type":"select","id":"slide_arrows","label":"Slide arrows","options":[{"value":"slide-buttons.png","label":"Orange circles"},{"value":"slide-buttons-light.png","label":"Light rectangles"},{"value":"slide-buttons-dark.png","label":"Dark rectangles"},{"value":"slide-buttons-custom.png","label":"Your buttons (upload below)"}],"default":"slide-buttons.png"},{"type":"image","id":"slide-buttons-custom.png","label":"Upload your slide button image"},{"type":"paragraph","content":"Suggested size for slides is 800px wide by 333px high. You can use a different size, but for best results, try to make all your slides the same height and width. Note: leave a caption blank if you don't want to display it."},{"type":"checkbox","id":"show_slide1","label":"Show Slide 1?"},{"type":"image","id":"home-slide1.jpg","label":"Slide 1 image","max-width":1280},{"type":"text","id":"home_slide1_link","label":"Slide 1 Link","default":"\/pages\/about-us"},{"type":"textarea","id":"caption1_main","label":"Text for main caption"},{"type":"checkbox","id":"show_slide2","label":"Show Slide 2?"},{"type":"image","id":"home-slide2.jpg","label":"Slide 2 image","max-width":1280},{"type":"text","id":"home_slide2_link","label":"Slide 2 Link","default":"\/pages\/about-us"},{"type":"textarea","id":"caption2_main","label":"Text for main caption"},{"type":"checkbox","id":"show_slide3","label":"Show Slide 3?"},{"type":"image","id":"home-slide3.jpg","label":"Slide 3 image","max-width":1280},{"type":"text","id":"home_slide3_link","label":"Slide 3 Link","default":"\/pages\/about-us"},{"type":"textarea","id":"caption3_main","label":"Text for main caption"},{"type":"checkbox","id":"show_slide4","label":"Show Slide 4?"},{"type":"image","id":"home-slide4.jpg","label":"Slide 4 image","max-width":1280},{"type":"text","id":"home_slide4_link","label":"Slide 4 Link","default":"\/pages\/about-us"},{"type":"textarea","id":"caption4_main","label":"Text for main caption"},{"type":"checkbox","id":"show_slide5","label":"Show Slide 5?"},{"type":"image","id":"home-slide5.jpg","label":"Slide 5 image","max-width":1280},{"type":"text","id":"home_slide5_link","label":"Slide 5 Link","default":"\/pages\/about-us"},{"type":"textarea","id":"caption5_main","label":"Text for main caption"},{"type":"checkbox","id":"show_slide6","label":"Show Slide 6?"},{"type":"image","id":"home-slide6.jpg","label":"Slide 6 image","max-width":1280},{"type":"text","id":"home_slide6_link","label":"Slide 6 Link","default":"\/pages\/about-us"},{"type":"textarea","id":"caption6_main","label":"Text for main caption"},{"type":"checkbox","id":"show_slide7","label":"Show Slide 7?"},{"type":"image","id":"home-slide7.jpg","label":"Slide 7 image","max-width":1280},{"type":"text","id":"home_slide7_link","label":"Slide 7 Link","default":"\/pages\/about-us"},{"type":"textarea","id":"caption7_main","label":"Text for main caption"},{"type":"checkbox","id":"show_slide8","label":"Show Slide 8?"},{"type":"image","id":"home-slide8.jpg","label":"Slide 8 image","max-width":1280},{"type":"text","id":"home_slide8_link","label":"Slide 8 Link","default":"\/pages\/about-us"},{"type":"textarea","id":"caption8_main","label":"Text for main caption"},{"type":"checkbox","id":"show_slide9","label":"Show Slide 9?"},{"type":"image","id":"home-slide9.jpg","label":"Slide 9 image","max-width":1280},{"type":"text","id":"home_slide9_link","label":"Slide 9 Link","default":"\/pages\/about-us"},{"type":"textarea","id":"caption9_main","label":"Text for main caption"},{"type":"checkbox","id":"show_slide10","label":"Show Slide 10?"},{"type":"image","id":"home-slide10.jpg","label":"Slide 10","max-width":1280},{"type":"text","id":"home_slide10_link","label":"Slide 10 Link","default":"\/pages\/about-us"},{"type":"textarea","id":"caption10_main","label":"Text for main caption"}]},{"name":"Collection Page","settings":[{"type":"checkbox","id":"show_tags","label":"Show tags on collection pages?","default":true},{"type":"text","id":"tag_text","label":"Intro text for collection tags","default":"Filter by >"}]},{"name":"Collection Thumbnails","settings":[{"type":"color","id":"thumb_bg","label":"Thumbnail background","default":"#ffffff"},{"type":"paragraph","content":"In the next section, set 2 colors for the caption background and they form a gradient..."},{"type":"text","id":"thumb_title_size","label":"Title size in px","default":"18","info":"Enter numbers only e.g. 20"},{"type":"paragraph","content":"In the next section, set 2 colors for the caption background and they form a gradient..."},{"type":"color","id":"th_caption_bg","label":"Caption Background Top","default":"#ffbd3e"},{"type":"color","id":"th_caption_bg1","label":"Caption Background Bottom","default":"#ffa03e"},{"type":"color","id":"th_caption_bg_hover","label":"Caption Background (hover)","default":"#ffc128"},{"type":"color","id":"th_title","label":"Caption Title","default":"#ffffff"},{"type":"color","id":"th_price","label":"Caption Price","default":"#AA0000"},{"type":"paragraph","content":"In the next section, set 2 colors for the sale sticker and they form a gradient..."},{"type":"color","id":"th_sale_bg","label":"Sale sticker top","default":"#83ceee"},{"type":"color","id":"th_sale_bg1","label":"Sale sticker bottom","default":"#70b1cc"},{"type":"color","id":"th_sale_text","label":"Sale sticker text","default":"#ffffff"}]},{"name":"Product Page","settings":[{"type":"checkbox","id":"zoom_product","label":"Enable image zoom?"},{"type":"checkbox","id":"show_qty","label":"Show qty box on product screen?","default":true},{"type":"checkbox","id":"product_social","label":"Show Social Share Icons"},{"type":"checkbox","id":"product_related","label":"Show Related Items"}]},{"name":"Sidebar - Options","settings":[{"type":"color","id":"sidebar_bg","label":"Sidebar background","default":"#ffffff"},{"type":"select","id":"sidebar_bg_opacity","label":"Sidebar background opacity","options":[{"value":"1.0","label":"100%"},{"value":"0.75","label":"75%"},{"value":"0.5","label":"50%"},{"value":"0.25","label":"25%"},{"value":"0.1","label":"10%"}],"default":"0.1"},{"type":"checkbox","id":"show_categories_menu","label":"Show Categories Menu (Sidebar)?"},{"type":"text","id":"categories_heading","label":"Categories Menu Heading","default":"Categories"},{"type":"link_list","id":"categories_linklist","label":"Linklist for categories menu"},{"type":"checkbox","id":"show_tags_menu","label":"Show Tags Menu (Sidebar)?"},{"type":"text","id":"shop_tags_heading","label":"Tags Menu Heading","default":"Shop by tag"}]},{"name":"Sidebar - Menu Colors","settings":[{"type":"color","id":"acc_headings_text","label":"Accordion Heading Text","default":"#fff"},{"type":"color","id":"acc_headings_active","label":"Accordion Heading Text (Active)","default":"#333"},{"type":"paragraph","content":"In the next section, set 2 colors for the heading background and they form a gradient..."},{"type":"color","id":"acc_headings_bg","label":"Accordion Heading Background 1","default":"#83ceee"},{"type":"color","id":"acc_headings_bg1","label":"Accordion Heading Background 2","default":"#70b1cc"},{"type":"color","id":"acc_headings_bg_hover","label":"Accordion Heading Background (hover)","default":"#ff5300"},{"type":"color","id":"acc_link_color","label":"Accordion Links","default":"#ff5300"},{"type":"color","id":"acc_link_hover_color","label":"Accordion Links (hover)","default":"#000000"},{"type":"color","id":"acc_link_bg","label":"Accordion Links Background","default":"#ffffff"},{"type":"color","id":"acc_link_hover_bg_color","label":"Accordion Links Background (hover)","default":"#f6f6f6"},{"type":"color","id":"acc_link_border","label":"Accordion Links Borders","default":"#f6f6f6"}]},{"name":"Sidebar - Newsletter form","settings":[{"type":"checkbox","id":"show_newsletter_form","label":"Show newsletter form?"},{"type":"color","id":"side_news_bg","label":"Box Background","default":"#fff"},{"type":"color","id":"side_news_headings","label":"Box headings","default":"#FF5300"},{"type":"text","id":"newsletter_heading","label":"Newsletter heading","default":"Newsletter"},{"type":"textarea","id":"newsletter_text","label":"Newsletter Intro","info":"Optional. Leave this blank if you don't want to display text above the form."},{"type":"text","id":"newsletter_action","label":"Form action URL","info":"Your Mailchimp form action starting with http:\/\/. See [instructions](http:\/\/sunrise-theme.myshopify.com\/pages\/faq) ."},{"type":"text","id":"newsletter_button","label":"Button text","default":"Subscribe"}]},{"name":"Sidebar - Testimonial","settings":[{"type":"checkbox","id":"show_testimonial","label":"Show Testimonial?"},{"type":"blog","id":"testimonial_blog","label":"Select blog"},{"type":"color","id":"show_testimonial_bg","label":"Box Background","default":"#fff"},{"type":"color","id":"show_testimonial_headings","label":"Box headings","default":"#FF5300"},{"type":"color","id":"side_news_text","label":"Box Text","default":"#234D61"},{"type":"checkbox","id":"testimonial_header_background","label":"Header Background?"},{"type":"color","id":"Testi_Header_bg_col","label":"Header Background Top","default":"#ffbd3e"},{"type":"color","id":"Testi_Header_bg_col1","label":"Header Background Bottom","default":"#ff7700"},{"type":"color","id":"Testi_Header_text","label":"Header Text","default":"#FFFFFF"},{"type":"text","id":"show_testimonial_heading","label":"Testimonial heading","default":"Testimonial"},{"type":"textarea","id":"testimonial_content_here","label":"Testimonial content here"},{"type":"select","id":"number_pop_testimonial","label":"Number of Testimonial to display","options":[{"value":"1","label":"1"},{"value":"2","label":"2"},{"value":"3","label":"3"},{"value":"4","label":"4"},{"value":"5","label":"5"}],"default":"1"}]},{"name":"Sidebar - Latest News","settings":[{"type":"checkbox","id":"show_latest_posts_menu","label":"Show Latest News (Sidebar)?"},{"type":"color","id":"side_latest_text","label":"Text color","default":"#555"},{"type":"text","id":"latest_heading","label":"Latest News Heading","default":"Latest posts"},{"type":"blog","id":"latest_blog","label":"Select blog"}]},{"name":"Sidebar - Popular products","settings":[{"type":"checkbox","id":"show_popular","label":"Show Popular Products (Sidebar)?"},{"type":"color","id":"side_popular_bg","label":"Box Background","default":"#fff"},{"type":"color","id":"side_popular_headings","label":"Box headings","default":"#FF5300"},{"type":"color","id":"side_popular_text","label":"Box links","default":"#FF5300"},{"type":"color","id":"side_popular_text_hover","label":"Box links (hover)","default":"#222"},{"type":"color","id":"side_popular_border","label":"Box borders","default":"#ddd"},{"type":"text","id":"popular_heading","label":"Popular Products Heading","default":"Popular Products"},{"type":"collection","id":"popular_collection","label":"Collection for popular products"},{"type":"select","id":"number_pop_products","label":"Number of popular products to display","options":[{"value":"5","label":"5"},{"value":"10","label":"10"},{"value":"15","label":"15"},{"value":"20","label":"20"},{"value":"1000","label":"Show All"}],"default":"10"}]},{"name":"Sidebar - Return Policy","settings":[{"type":"checkbox","id":"return-policy_image_enable","label":"Return Policy Image Enable"},{"type":"image","id":"return-policy_image.gif","label":"Upload your \"Return Policy Image\""},{"type":"text","id":"return-policy_image_link","label":"Link to"}]},{"name":"Sidebar - Social Icons","settings":[{"type":"checkbox","id":"show_social","label":"Show Social icons (sidebar)?"},{"type":"color","id":"side_social_bg","label":"Box Background","default":"#fff"},{"type":"color","id":"side_social_headings","label":"Box headings","default":"#FF5300"},{"type":"text","id":"social_heading","label":"Section heading","default":"Stay in touch"},{"type":"paragraph","content":"Twitter"},{"type":"checkbox","id":"show_twitter","label":"Display?"},{"type":"text","id":"twitter_link","label":"Link to","default":"http:\/\/twitter.com\/"},{"type":"paragraph","content":"Facebook"},{"type":"checkbox","id":"show_facebook","label":"Display?"},{"type":"text","id":"facebook_link","label":"Link to","default":"http:\/\/facebook.com\/"},{"type":"paragraph","content":"Youtube"},{"type":"checkbox","id":"show_youtube","label":"Display?"},{"type":"text","id":"youtube_link","label":"Link to","default":"http:\/\/youtube.com\/"},{"type":"paragraph","content":"Vimeo"},{"type":"checkbox","id":"show_vimeo","label":"Display?"},{"type":"text","id":"vimeo_link","label":"Link to","default":"http:\/\/vimeo.com\/"},{"type":"paragraph","content":"Myspace"},{"type":"checkbox","id":"show_myspace","label":"Display?"},{"type":"text","id":"myspace_link","label":"Link to","default":"http:\/\/myspace.com\/"},{"type":"paragraph","content":"Google +"},{"type":"checkbox","id":"show_gplus","label":"Display?"},{"type":"text","id":"gplus_link","label":"Link to","default":"http:\/\/plus.google.com\/"},{"type":"paragraph","content":"Flickr"},{"type":"checkbox","id":"show_flickr","label":"Display?"},{"type":"text","id":"flickr_link","label":"Link to","default":"http:\/\/flickr.com\/"},{"type":"paragraph","content":"Pinterest"},{"type":"checkbox","id":"show_pinterest","label":"Display?"},{"type":"text","id":"pinterest_link","label":"Link to","default":"http:\/\/pinterest.com\/"},{"type":"paragraph","content":"Instagram"},{"type":"checkbox","id":"show_instagram","label":"Display?"},{"type":"text","id":"instagram_link","label":"Link to","default":"http:\/\/instagram.com\/"},{"type":"paragraph","content":"LinkedIn"},{"type":"checkbox","id":"show_linkedin","label":"Display?"},{"type":"text","id":"linkedin_link","label":"Link to","default":"http:\/\/linkedin.com\/"},{"type":"paragraph","content":"Vine"},{"type":"checkbox","id":"show_vine","label":"Display?"},{"type":"text","id":"vine_link","label":"Link to","default":"http:\/\/vine.com\/"},{"type":"paragraph","content":"Tumblr"},{"type":"checkbox","id":"show_tumblr","label":"Display?"},{"type":"text","id":"tumblr_link","label":"Link to","default":"http:\/\/tumblr.com\/"}]},{"name":"Blog Options","settings":[{"type":"checkbox","id":"show_blog_categories","label":"Show blog category dropdown?"},{"type":"checkbox","id":"blog_social","label":"Show social share links"},{"type":"color","id":"comments_bg","label":"Comments background","default":"#ffffff"}]},{"name":"Footer - Payment Icons","settings":[{"type":"checkbox","id":"show_payment_icons","label":"Show Payment Icons?"},{"type":"paragraph","content":"Icon Show?"},{"type":"checkbox","id":"show_2checkout_icon","label":"Show 2checkout Icon?"},{"type":"checkbox","id":"show_amex_icon","label":"Show American Express Icon?"},{"type":"checkbox","id":"show_bitcoin_icon","label":"Show Bitcoin Icon?"},{"type":"checkbox","id":"show_cirrus_icon","label":"Show Cirrus Icon?"},{"type":"checkbox","id":"show_delta_icon","label":"Show Delta Icon?"},{"type":"checkbox","id":"show_dd_icon","label":"Show Direct Debit Icon?"},{"type":"checkbox","id":"show_discover_icon","label":"Show Discover Icon?"},{"type":"checkbox","id":"show_google_icon","label":"Show Google Checkout Icon?"},{"type":"checkbox","id":"show_maestro_icon","label":"Show Maestro Icon?"},{"type":"checkbox","id":"show_mastercard_icon","label":"Show Mastercard Icon?"},{"type":"checkbox","id":"show_moneybookers_icon","label":"Show Moneybookers Icon?"},{"type":"checkbox","id":"show_paypal_icon","label":"Show Paypal Icon?"},{"type":"checkbox","id":"show_sagepay_icon","label":"Show Sagepay Icon?"},{"type":"checkbox","id":"show_solo_icon","label":"Show Solo Icon?"},{"type":"checkbox","id":"show_switch_icon","label":"Show Switch Icon?"},{"type":"checkbox","id":"show_visa_icon","label":"Show Visa Icon?"},{"type":"checkbox","id":"show_visaelectron_icon","label":"Show Visa Electron Icon?"},{"type":"checkbox","id":"show_western_icon","label":"Show Western Union Icon?"}]},{"name":"Footer","settings":[{"type":"select","id":"footer_bg_image","label":"Set your footer background image","options":[{"value":"nobackground","label":"No background"},{"value":"footer-background.png","label":"Uploaded background"},{"value":"footer-hills.png","label":"Hills and Trees"},{"value":"footer-clouds1.png","label":"Clouds"}],"default":"footer-hills.png"},{"type":"image","id":"footer-background.png","label":"Upload a footer background image"},{"type":"color","id":"footer_text","label":"Footer Text Color","default":"#6b765f"},{"type":"color","id":"footer_links","label":"Footer Link Color","default":"#6b765f"},{"type":"color","id":"footer_links_hover","label":"Footer Links on hover","default":"#000000"},{"type":"paragraph","content":"You can upload your own icon for the back to top button or choose one of the included icons. Width is 40x40px."},{"type":"select","id":"backtop_icon","label":"\"Back to top\" icon","options":[{"value":"button-top.png","label":"Orange circle"},{"value":"icon-up-dark.png","label":"Simple dark"},{"value":"icon-up-light.png","label":"Simple light"},{"value":"button-top-custom.png","label":"Your icon (upload below)"}],"default":"button-top.png"},{"type":"image","id":"button-top-custom.png","label":"Upload your \"back to top\" icon"}]},{"name":"Cart","settings":[{"type":"checkbox","id":"show_cart_note","label":"Show Cart Note?"},{"type":"checkbox","id":"show_extra_checkout_options","label":"Show Additional Checkout Buttons?"},{"type":"checkbox","id":"show_terms_cart","label":"Show checkbox for terms and conditions?","default":true},{"type":"textarea","id":"cart_terms_text","label":"Text for the checkbox","info":"Make sure you have a page named terms and conditions or change the link in this text to point to your terms page"},{"type":"textarea","id":"cart_terms_popup","label":"Text for popup","info":"If the checkbox isn't ticked, this appears in a popup"}]},{"name":"Cart - Shipping Rates Calculator","settings":[{"type":"select","id":"shipping_calculator","label":"Show the shipping calculator?","options":[{"value":"Disabled","label":"No"},{"value":"Enabled","label":"Yes"}],"default":"Enabled"},{"type":"text","id":"shipping_calculator_heading","label":"Heading text","default":"Get shipping estimates"},{"type":"text","id":"shipping_calculator_default_country","label":"Default country selection","default":"United States"},{"type":"paragraph","content":"If your customer is logged-in, the country in his default shipping address will be selected. If you are not sure about the spelling to use here, refer to the first checkout page."},{"type":"text","id":"shipping_calculator_submit_button_label","label":"Submit button label","default":"Calculate shipping"},{"type":"text","id":"shipping_calculator_submit_button_label_disabled","label":"Submit button label when calculating","default":"Calculating..."}]},{"name":"Checkout Options","settings":[{"type":"paragraph","content":"You can upload a special version of your logo here that will only be shown on the checkout screens..."},{"type":"image","id":"logo-checkout.png","label":"Special checkout logo","max-width":940},{"type":"text","id":"checkout_logo_height","label":"Logo height (in pixels)","default":"100"},{"type":"checkbox","id":"chk_logo_solid","label":"Make logo background a solid color?"},{"type":"color","id":"chk_logo_bg","label":"Logo background","default":"#222222"},{"type":"color","id":"chk_page_bg","label":"Page background","default":"#FFFFFF"},{"type":"color","id":"chk_page_text","label":"Text color","default":"#272D33"},{"type":"color","id":"chk_page_headings","label":"Headings color","default":"#272D33"},{"type":"color","id":"chk_page_links","label":"Links color","default":"#14826E"},{"type":"color","id":"chk_page_links_hover","label":"Links color (hover)","default":"#333333"},{"type":"color","id":"chk_page_box_bg","label":"Background color for boxed areas","default":"#EBFAF7"},{"type":"color","id":"chk_page_cost","label":"Cost color","default":"#36ccb1"},{"type":"color","id":"chk_add_notify_bg","label":"Address notification background","default":"#f59595"},{"type":"color","id":"chk_add_notify_text","label":"Address notification text","default":"#ffffff"}]},{"name":"Money options","settings":[{"type":"checkbox","id":"show_multiple_currencies","label":"Show currency selector?","default":true},{"type":"paragraph","content":"Although you will be able to display prices on your store front in different currencies, Shopify will still process orders in your shop's currency."},{"type":"select","id":"currency_format","label":"Money format","options":[{"value":"money_format","label":"Without Currency, ex: $10.00"},{"value":"money_with_currency_format","label":"With Currency, ex: $10 CAD"}],"default":"money_with_currency_format"},{"type":"text","id":"supported_currencies","label":"Currencies you wish to support","default":"CAD USD"},{"type":"text","id":"default_currency","label":"Default currency","default":"CAD"},{"type":"paragraph","content":"Separate your currency codes with a space. Use the ISO 4217 3-letter currency code. Click [here](http:\/\/www.xe.com\/iso4217.php) for a complete list of currency codes. Example: CAD USD."},{"type":"paragraph","content":"* For this functionality to work in your shop, you are required to edit your money formats as per [these instructions](http:\/\/wiki.shopify.com\/Do_Tell_Where_The_Money_Is) (“Do tell where the money is”)."}]},{"name":"Language","settings":[{"type":"textarea","id":"lang_sales","label":"Sales"},{"type":"textarea","id":"lang_sales_phone","label":"Sales Phone Number"},{"type":"textarea","id":"lang_support","label":"Support"},{"type":"textarea","id":"lang_support_phone","label":"Support Phone Number"},{"type":"textarea","id":"lang_baner_hour","label":"Baner Hour"},{"type":"textarea","id":"lang_baner_hours","label":"Baner Hours"},{"type":"textarea","id":"lang_hours","label":"Hours"},{"type":"textarea","id":"lang_myaccount","label":"My Account"},{"type":"textarea","id":"lang_wishlist","label":"My Wishlist"},{"type":"textarea","id":"lang_mycart","label":"My Cart"},{"type":"textarea","id":"lang_checkout","label":"Checkout:"},{"type":"textarea","id":"lang_login","label":"Login"},{"type":"textarea","id":"lang_logout","label":"Logout"},{"type":"textarea","id":"lang_or","label":"OR"},{"type":"textarea","id":"lang_signup","label":"Signup"},{"type":"textarea","id":"lang_account","label":"Account"},{"type":"textarea","id":"lang_menu","label":"Menu"},{"type":"textarea","id":"lang_cart","label":"Cart"},{"type":"textarea","id":"lang_quick_overview","label":"Quick Overview"},{"type":"textarea","id":"lang_top","label":"Top"},{"type":"textarea","id":"lang_checkoutforpopularproducts","label":"Checkout For Popular Products"},{"type":"textarea","id":"lang_itemstaggedas","label":"Items tagged as"},{"type":"textarea","id":"lang_fullname","label":"FullName"},{"type":"textarea","id":"lang_from","label":"From"},{"type":"textarea","id":"lang_company_name","label":"Company Name"},{"type":"textarea","id":"lang_company_phone","label":"Company Phone"},{"type":"textarea","id":"lang_coverage_area","label":"Coverage Area"},{"type":"textarea","id":"lang_outdoor_reception","label":"Outdoor Reception"},{"type":"textarea","id":"lang_additional_comments","label":"Additional Comments"},{"type":"textarea","id":"lang_contact_form_message","label":"Thanks for contacting us! We'll get back to you as soon as possible."},{"type":"textarea","id":"lang_product_ref","label":"Product Ref"},{"type":"textarea","id":"lang_product_outof_stock","label":"Sorry, this product is temporarily out of stock."},{"type":"textarea","id":"lang_extended_warranty","label":"Extended Warranty"},{"type":"textarea","id":"lang_send","label":"Send"},{"type":"textarea","id":"lang_in_of_stock","label":"In Stock"},{"type":"textarea","id":"lang_out_of_stock","label":"Out of Stock"},{"type":"textarea","id":"lang_product_unavailable","label":"Product is not available"},{"type":"textarea","id":"lang_product_availability","label":"Availability"},{"type":"textarea","id":"lang_sold_out","label":"Sold Out"},{"type":"textarea","id":"lang_special_price","label":"Special Price"},{"type":"textarea","id":"lang_order_addons","label":"Add ons for your order"},{"type":"textarea","id":"lang_optional_accessories","label":"Optional [1] Accessories"},{"type":"textarea","id":"lang_no_thanks","label":"No Thanks"},{"type":"textarea","id":"lang_none","label":"None"},{"type":"textarea","id":"lang_product_details","label":"Product Details"},{"type":"textarea","id":"lang_add_to_cart","label":"Add to Cart"},{"type":"textarea","id":"lang_cart_empty","label":"Your shopping cart is empty."},{"type":"textarea","id":"lang_large_image","label":"View Large Image"},{"type":"textarea","id":"lang_small_image","label":"View Smaller Image"},{"type":"textarea","id":"lang_choose_category","label":"Choose Category or Subcategory"},{"type":"textarea","id":"lang_added_to_cart","label":"added to cart"},{"type":"textarea","id":"lang_404_title","label":"404 Page Not Found"},{"type":"textarea","id":"lang_404_text","label":"Sorry, the page you requested wasn’t found."},{"type":"textarea","id":"lang_read_more","label":"Read more"},{"type":"textarea","id":"lang_type_your_search","label":"Type Your Search"},{"type":"textarea","id":"lang_search","label":"Search"},{"type":"textarea","id":"lang_testimonial_more","label":"Testimonial More.."},{"type":"textarea","id":"lang_no_testinonial_found","label":"No Testinonial found."},{"type":"textarea","id":"lang_we_are_realy_sorry","label":"We're really sorry, but we can't find the page you're looking for."},{"type":"textarea","id":"lang_you_could_try_searching","label":"You could try searching or get in touch and we'll be happy to help."},{"type":"textarea","id":"lang_back_to","label":"Back to..."},{"type":"textarea","id":"lang_home_page","label":"Home Page."},{"type":"textarea","id":"lang_previous_page","label":"previous page."},{"type":"textarea","id":"lang_next","label":"Next Page"},{"type":"textarea","id":"lang_your_cart","label":"Your Cart"},{"type":"textarea","id":"lang_shoppingcartisempty","label":"Your shopping cart is empty"},{"type":"textarea","id":"lang_continue_shopping","label":"Continue Shopping"},{"type":"textarea","id":"lang_youmaylikefeatureditems","label":"Maybe you'd like one of our featured items"},{"type":"textarea","id":"lang_featured_items","label":"Featured Items"},{"type":"textarea","id":"lang_item","label":"Item"},{"type":"textarea","id":"lang_price","label":"Price"},{"type":"textarea","id":"lang_total","label":"total"},{"type":"textarea","id":"lang_qty","label":"Qty"},{"type":"textarea","id":"lang_uploadedfile","label":"uploaded file"},{"type":"textarea","id":"lang_remove","label":"Remove"},{"type":"textarea","id":"lang_subtotal","label":"Sub total"},{"type":"textarea","id":"lang_addnotetoorder","label":"Add a note to your order"},{"type":"textarea","id":"lang_goto_checkout","label":"Go to checkout"},{"type":"textarea","id":"lang_update_cart","label":"Update Cart"},{"type":"textarea","id":"lang_choosemobilecoverage","label":"Please choose one of our mobile coverage categories below to view products you are interested in…"},{"type":"textarea","id":"lang_viewall","label":"View all"},{"type":"textarea","id":"lang_items","label":"Items"},{"type":"textarea","id":"lang_sortby","label":"Sort By"},{"type":"textarea","id":"lang_lowtohigh","label":"Price: Low to High"},{"type":"textarea","id":"lang_hightolow","label":"Price: High to Low"},{"type":"textarea","id":"lang_accountorderhistory","label":"Account Details and Order History"},{"type":"textarea","id":"lang_order","label":"Order"},{"type":"textarea","id":"lang_date","label":"Date"},{"type":"textarea","id":"lang_payment_status","label":"Payment Status"},{"type":"textarea","id":"lang_fulfillmentstatus","label":"Fulfillment Status"},{"type":"textarea","id":"lang_notplacedorder","label":"You haven't placed any orders yet"},{"type":"textarea","id":"lang_activateaccount","label":"Activate Account"},{"type":"textarea","id":"lang_createpasswordtoactive","label":"Create your password to activate your account"},{"type":"textarea","id":"lang_password","label":"Password"},{"type":"textarea","id":"lang_passwordconfirmation","label":"Password Confirmation"},{"type":"textarea","id":"lang_decline_invitation","label":"Decline Invitation"},{"type":"textarea","id":"lang_returntoaccountpage","label":"Return to Account page"},{"type":"textarea","id":"lang_manageaccountaddress","label":"Manage Account Address"},{"type":"textarea","id":"lang_addnewaddress","label":"Add New Address"},{"type":"textarea","id":"lang_firstname","label":"First Name"},{"type":"textarea","id":"lang_lastname","label":"Last Name"},{"type":"textarea","id":"lang_company","label":"Company"},{"type":"textarea","id":"lang_address1","label":"Address1"},{"type":"textarea","id":"lang_address2","label":"Address2"},{"type":"textarea","id":"lang_city","label":"City"},{"type":"textarea","id":"lang_country","label":"Country"},{"type":"textarea","id":"lang_Province","label":"Province"},{"type":"textarea","id":"lang_zip","label":"Zip"},{"type":"textarea","id":"lang_Phone","label":"Phone"},{"type":"textarea","id":"lang_setasdefaultaddress","label":"Set as Default Address"},{"type":"textarea","id":"lang_cancel","label":"Cancel"},{"type":"textarea","id":"lang_add_address","label":"Add Address"},{"type":"textarea","id":"lang_update_address","label":"Update Address"},{"type":"textarea","id":"lang_customer_login","label":"Customer Login"},{"type":"textarea","id":"lang_loginmainline","label":"If you have an account with us, please log in."},{"type":"textarea","id":"lang_emailaddress","label":"Email Address"},{"type":"textarea","id":"lang_forgotpassword","label":"Forgot your password?"},{"type":"textarea","id":"lang_resetpassword","label":"Reset Password"},{"type":"textarea","id":"lang_resetpassword1","label":"Please enter your email address below. You will receive a link to reset your password."},{"type":"textarea","id":"lang_submit","label":"Submit"},{"type":"textarea","id":"lang_signin","label":"Sign In"},{"type":"textarea","id":"lang_new_customer","label":"New Customers"},{"type":"textarea","id":"lang_dont_have_account","label":"Dont have an account? Checkout as a guest and create one"},{"type":"textarea","id":"lang_continue_guest","label":"Continue as Guest"},{"type":"textarea","id":"lang_by_creating_account","label":"By creating an account with our store, you will be able to move through the checkout process faster, store multiple shipping addresses, view and track your orders in your account and more."},{"type":"textarea","id":"lang_register_now","label":"Register now"},{"type":"textarea","id":"lang_order_cancelled","label":"Order Cancelled"},{"type":"textarea","id":"lang_on","label":"On"},{"type":"textarea","id":"lang_placed_on","label":"Placed on"},{"type":"textarea","id":"lang_billing_address","label":"Billing Address"},{"type":"textarea","id":"lang_shipping_address","label":"Shipping Address"},{"type":"textarea","id":"lang_product","label":"Product"},{"type":"textarea","id":"lang_sku","label":"SKU"},{"type":"textarea","id":"lang_quantity","label":"Quantity"},{"type":"textarea","id":"lang_fulfilled","label":"Fulfilled"},{"type":"textarea","id":"lang_discount","label":"Discount"},{"type":"textarea","id":"lang_shipping","label":"Shipping"},{"type":"textarea","id":"lang_tax","label":"Tax"},{"type":"textarea","id":"lang_create_account","label":"Create Account"},{"type":"textarea","id":"lang_create","label":"Create"},{"type":"textarea","id":"lang_enter_passwordfor","label":"Enter a new password for"},{"type":"textarea","id":"lang_collections","label":"Collections"},{"type":"textarea","id":"lang_our_best_products","label":"Our Best Products"},{"type":"textarea","id":"lang_contact_page_error","label":"Oops, sorry. We were unable to submit your inquiry because it contained"},{"type":"textarea","id":"lang_contact_page_error1","label":"Please correct the following and submit again"},{"type":"textarea","id":"lang_sorry_nothing_found_for","label":"Sorry, nothing found for"},{"type":"textarea","id":"lang_results_for","label":"Results for"},{"type":"textarea","id":"lang_mobile_provider","label":"Mobile Provider"},{"type":"textarea","id":"lang_more_than_5000m","label":"More than 5000m"},{"type":"textarea","id":"lang_sale","label":"SALE"},{"type":"textarea","id":"lang_you_may_also_like","label":"You may also like"},{"type":"textarea","id":"lang_moneybackinfo","label":"Moneyback Info"},{"type":"textarea","id":"lang_moneyback_short_desc","label":"Money Back Guarantee"}]},{"name":"Sitewide Deals","settings":[{"type":"text","id":"deal_title","label":"Title"},{"type":"color","id":"deal_title_color","label":"Title Color","default":"#332211"},{"type":"textarea","id":"deal_description","label":"Description"},{"type":"text","id":"deal_exceptions","label":"Exceptions"},{"type":"color","id":"deal_banner_color","label":"Banner Color","default":"#332211"},{"type":"color","id":"deal_text_color","label":"Text Color","default":"#332211"},{"type":"color","id":"deal_exceptions_text_color","label":"Exceptions Text Color","default":"#332211"},{"type":"color","id":"deal_timer_color","label":"Timer Text Color","default":"#332211"},{"type":"image","id":"deal_image.png","label":"Image","max-width":600,"max-height":600},{"type":"text","id":"deal_start_date","label":"Start Date (YYYY\/MM\/DD)"},{"type":"text","id":"deal_end_date","label":"End Date (YYYY\/MM\/DD)"},{"type":"text","id":"deal_interval","label":"Interval Status(0\/1)"}]},{"name":"Custom CSS","settings":[{"type":"paragraph","content":"For advanced users only. You can add CSS rules here."},{"type":"textarea","id":"user_css","label":"Your CSS"}]}]