{"presets":{"Spring":{"customer_layout":"theme","paginate_products_by":"12","mobile_button_bg":"#ff7700","mobile_button_text":"#ffffff","logo_color":"#ff5300","logo_hover":"#000000","logo_size":"68","minicart_text":"#0a6e99","minicart_text_hover":"#333333","banner_ad_link":"\/pages\/about-us","home_collection_no":"6","top_menu_bg":"#fffce5","top_menu_bg1":"#bcebff","top_menu_links":"#fe8345","top_menu_links_hover":"#ef3226","top_menu_links_border":"#c3e7ea","top_menu_sub_bg":"#fffce5","top_menu_links_sub":"#fe8345","top_menu_links_sub_hover":"#333333","nav_font_size":"23","button_bg_col":"#ffbd3e","button_bg_col1":"#ff7700","button_text":"#ffffff","button_bg_color_hover":"#ff7700","button_text_hover":"#ffffff","button_sec_bg_color":"#eeeeee","button_sec_text":"#44a9d4","button_sec_bg_color_hover":"#ffffff","button_sec_text_hover":"#44a9d4","bg_color":"#fff9c1","text_color":"#234d61","heading_color":"#2b5f77","link_color":"#ff5300","link_hover_color":"#cd4200","content_bg":"#ffffff","content_borders":"#ffffff","field_bg_color":"#ffffff","field_text_color":"#555555","field_border_color":"#70b1cc","field_border_focus":"#333333","pagin_color":"#ff5300","pagin_color_hover":"#ff5300","pagin_bg_hover":"#ffffff","pagin_text_curr":"#ffffff","pagin_bg_curr":"#ff5300","customer_box_bg":"#d0f5ee","acc_text":"#234d61","acc_bg":"#ffffff","acc_text_active":"#ff5300","scroller_title":"Our Brands","brand1_link":"\/collections\/all","brand1_name":"Brand","brand2_link":"\/collections\/all","brand2_name":"Brand","brand3_link":"\/collections\/all","brand3_name":"Brand","brand4_link":"\/collections\/all","brand4_name":"Brand","brand5_link":"\/collections\/all","brand5_name":"Brand","brand6_link":"\/collections\/all","brand6_name":"Brand","brand7_link":"\/collections\/all","brand7_name":"Brand","brand8_link":"\/collections\/all","brand8_name":"Brand","brand9_link":"\/collections\/all","brand9_name":"Brand","brand10_link":"\/collections\/all","brand10_name":"Brand","brand11_link":"\/collections\/all","brand11_name":"Brand","brand12_link":"\/collections\/all","brand12_name":"Brand","brand13_link":"\/collections\/all","brand13_name":"Brand","brand14_link":"\/collections\/all","brand14_name":"Brand","brand15_link":"\/collections\/all","brand15_name":"Brand","caption_bg":"#ff6000","caption_text":"#ffffff","slider_bg":"#ffffff","home_slide1_link":"\/pages\/about-us","home_slide2_link":"\/pages\/about-us","home_slide3_link":"\/pages\/about-us","home_slide4_link":"\/pages\/about-us","home_slide5_link":"\/pages\/about-us","home_slide6_link":"\/pages\/about-us","home_slide7_link":"\/pages\/about-us","home_slide8_link":"\/pages\/about-us","home_slide9_link":"\/pages\/about-us","home_slide10_link":"\/pages\/about-us","thumb_bg":"#ffffff","thumb_title_size":"26","th_caption_bg":"#ffbd3e","th_caption_bg1":"#ffb114","th_caption_bg_hover":"#ffc83d","th_title":"#ffffff","th_price":"#aa0000","th_sale_bg":"#ffea04","th_sale_bg1":"#ff5300","th_sale_text":"#ffffff","sidebar_bg":"#ffffff","categories_heading":"Categories","shop_tags_heading":"Shop by tag","acc_headings_text":"#ffffff","acc_headings_active":"#ffffff","acc_headings_bg":"#83ceee","acc_headings_bg1":"#70b1cc","acc_headings_bg_hover":"#ffbd3e","acc_link_color":"#ff5300","acc_link_hover_color":"#222222","acc_link_bg":"#ffffff","acc_link_hover_bg_color":"#f6f6f6","acc_link_border":"#f6f6f6","side_news_bg":"#ffffff","side_news_headings":"#ff5300","side_news_text":"#234d61","newsletter_heading":"Newsletter","newsletter_action":"","newsletter_button":"Subscribe","side_latest_text":"#555555","latest_heading":"Latest posts","side_popular_bg":"#ffffff","side_popular_headings":"#ff5300","side_popular_text":"#ff5300","side_popular_text_hover":"#222222","side_popular_border":"#dddddd","popular_heading":"Popular Products","side_social_bg":"#ffffff","side_social_headings":"#ff5300","social_heading":"Stay in touch","twitter_link":"http:\/\/twitter.com\/","facebook_link":"http:\/\/facebook.com\/","youtube_link":"http:\/\/youtube.com\/","vimeo_link":"http:\/\/vimeo.com\/","myspace_link":"http:\/\/myspace.com\/","gplus_link":"http:\/\/plus.google.com\/","flickr_link":"http:\/\/flickr.com\/","pinterest_link":"http:\/\/pinterest.com\/","instagram_link":"http:\/\/instagram.com\/","linkedin_link":"http:\/\/linkedin.com\/","vine_link":"http:\/\/vine.com\/","tumblr_link":"http:\/\/tumblr.com\/","comments_bg":"#ffffff","footer_text":"#6b765f","footer_links":"#6b765f","footer_links_hover":"#000000","shipping_calculator_heading":"Get shipping estimates","shipping_calculator_default_country":"United States","shipping_calculator_submit_button_label":"Calculate shipping","shipping_calculator_submit_button_label_disabled":"Calculating...","checkout_logo_height":"100","chk_logo_bg":"#222222","chk_page_bg":"#ffffff","chk_page_text":"#234d61","chk_page_headings":"#ff5300","chk_page_links":"#ff5300","chk_page_links_hover":"#333333","chk_page_box_bg":"#ebfaf7","chk_page_cost":"#ff5300","chk_add_notify_bg":"#55c900","chk_add_notify_text":"#ffffff","supported_currencies":"USD GBP EUR CAD","default_currency":"USD","header_google_font":"<link href='http:\/\/fonts.googleapis.com\/css?family=Mouse+Memoirs' rel='stylesheet' type='text\/css'>","header_google_font_name":"Mouse Memoirs","text_google_font":"<link href='http:\/\/fonts.googleapis.com\/css?family=Nobile:400,400italic,700,700italic' rel='stylesheet' type='text\/css'>","text_google_font_name":"Nobile","caption1_main":"","caption2_main":"","caption3_main":"Captions are optional and easy to add!!!","caption4_main":"","caption5_main":"","caption6_main":"","caption7_main":"","caption8_main":"","caption9_main":"","caption10_main":"","newsletter_text":"Subscribe to our newsletter to recieve special offers and discount codes by email","cart_terms_text":"I agree with the <a href=\"\/pages\/terms-and-conditions\" target=\"_blank\">terms and conditions<\/a>","cart_terms_popup":"You must agree with the terms and conditions of sale to check out","user_css":"","products_per_row":"3","header_font":"'Lucida Grande', 'Lucida Sans Unicode', 'Lucida Sans', Lucida, Helvetica, Arial, sans-serif","header_font_style":"none","header_font_weight":"normal","text_font":"Helvetica, Arial, sans-serif","minicart_bg":"cloud-cart.png","button_case":"none","content_bg_opacity":"0.25","site_bg_image":"bg-sky-gradient.png","bg_image_y_position":"top","bg_image_x_position":"center","bg_image_repeat":"repeat-x","bg_image_attachment":"scroll","scroller_arrows":"scroller-buttons-light.png","scroll_start":"5000","slideshow_speed":"10000","slide_trans":"fade","slide_arrows":"slide-buttons.png","sidebar_bg_opacity":"0.25","number_pop_products":"5","footer_bg_image":"footer-hills.png","backtop_icon":"button-top.png","shipping_calculator":"Enabled","checkout_logo":"same","currency_format":"money_format","show_bread":false,"mobile_hide_slideshow":false,"mobile_related_items":false,"mobile_hide_prd_images":false,"mobile_hide_coll_desc":false,"custom_logo":false,"show_banner_ad":true,"banner_ad_home":true,"banner_ad_collection":true,"banner_ad_product":true,"banner_ad_cart":true,"banner_ad_page":true,"banner_ad_blog":true,"show_home_products":true,"show_home_text":true,"show_top_menu":true,"button_bold":false,"stretch_bg":false,"show_brand_scroller":true,"scroller_home":true,"scroller_collection":true,"scroller_product":true,"scroller_cart":true,"scroller_page":true,"scroller_blog":true,"show_brand1":true,"show_brand2":true,"show_brand3":true,"show_brand4":true,"show_brand5":true,"show_brand6":true,"show_brand7":true,"show_brand8":false,"show_brand9":false,"show_brand10":false,"show_brand11":false,"show_brand12":false,"show_brand13":false,"show_brand14":false,"show_brand15":false,"show_slideshow":true,"auto_scroll":true,"show_slide1":true,"show_slide2":true,"show_slide3":true,"show_slide4":false,"show_slide5":false,"show_slide6":false,"show_slide7":false,"show_slide8":false,"show_slide9":false,"show_slide10":false,"zoom_product":true,"show_qty":true,"product_social":true,"product_related":true,"show_categories_menu":true,"show_tags_menu":true,"show_newsletter_form":true,"show_latest_posts_menu":true,"show_popular":true,"show_social":true,"show_twitter":true,"show_facebook":true,"show_youtube":true,"show_vimeo":true,"show_myspace":true,"show_gplus":true,"show_flickr":true,"show_pinterest":true,"show_instagram":true,"show_linkedin":true,"show_vine":true,"show_tumblr":true,"show_blog_categories":true,"blog_social":true,"show_payment_icons":true,"show_2checkout_icon":true,"show_amex_icon":true,"show_bitcoin_icon":true,"show_cirrus_icon":true,"show_delta_icon":true,"show_dd_icon":true,"show_discover_icon":true,"show_google_icon":true,"show_maestro_icon":true,"show_mastercard_icon":true,"show_moneybookers_icon":true,"show_paypal_icon":true,"show_sagepay_icon":true,"show_solo_icon":true,"show_switch_icon":true,"show_visa_icon":true,"show_visaelectron_icon":true,"show_western_icon":true,"show_sofort_icon":true,"show_shopify_secure_icon":true,"show_cart_note":true,"show_extra_checkout_options":true,"show_terms_cart":true,"chk_logo_solid":false,"show_multiple_currencies":true,"header_font_method":"google_fonts","text_font_method":"google_fonts","border_color":"#ffffff","logo_color_hover":"#ff8e0f","logo_font_size":"64","slide_height":"273","slider_speed":"7000","slide_1_link":"\/collections\/all","slide_2_link":"\/collections\/all","slide_3_link":"\/collections\/all","slide_4_link":"\/collections\/all","slide_5_link":"\/collections\/all","slide_6_link":"\/collections\/all","slide_7_link":"\/collections\/all","slide_8_link":"\/collections\/all","slide_9_link":"\/collections\/all","slide_10_link":"\/collections\/all","carousel_heading":"Featured items...","carousel_speed":"7000","featured_bg":"#ffffff","button_bg_color":"#ff7701","thumbnail_bg":"#ffffff","thumbnail_caption":"#cccccc","thumbnail_caption_hover":"#ffffff","thumbnail_price_bg":"#dddddd","thumbnail_price_text":"#777777","navigation_bg_color":"#c1e7f7","navigation_text":"#819ba6","navigation_text_hover":"#ff5300","nav_border_color":"#ffffff","search_bg":"#ffffff","search_text":"#3587aa","sub_bg_color":"#d4eef9","sub_menu_text":"#98aab3","sub_menu_text_hover":"#ff5300","product_form":"#fffdea","side_section_bg":"#FFFFFF","accordion_headings_text":"#256781","accordion_headings_active":"#FFFFFF","accordion_headings_bg":"#84d0f0","accordion_headings_bg_hover":"#ff5300","accordion_link_color":"#ff5300","accordion_link_hover_color":"#000000","accordion_link_bg":"#ffffff","accordion_link_hover_bg_color":"#dddddd","comment_form_borders":"#ffffff","comment_form_headings":"#333333","comment_form_labels":"#777777","comment_form_field_bg":"#ffffff","comment_form_field_text":"#333333","blog_image_bg":"#f6f6f6","comment_notice_bg":"#005b7f","comment_notice_text":"#ffffff","paginate_bg":"#eeeeee","paginate_bg_hover":"#cccccc","paginate_text":"#ff5300","paginate_text_hover":"#000000","paginate_current_bg":"#ff5300","paginate_current_text":"#ffffff","google_webfont_font":"<link href='http:\/\/fonts.googleapis.com\/css?family=Unkempt:400,700' rel='stylesheet' type='text\/css'>","google_webfont_font_name":"Unkempt","sidebar_position":"left","regular_font":"Helvetica, Arial, sans-serif","nav_transform":"none","nav_active_color":"white","logo_font_bold":"true","show_home_collection":"true","show_slider":"true","show_slide_1":"true","show_slide_2":"true","show_slide_3":"true","show_slide_4":"false","show_slide_5":"false","show_slide_6":"false","show_slide_7":"false","show_slide_8":"false","show_slide_9":"false","show_slide_10":"false","show_carousel":"true","special_nav_font":"true","special_button_font":"true","nav_font_bold":"true","product_show_tweet":"true","product_show_like":"true","product_show_gplus":"true","product_show_pinterest":"true","typeface_method":"google_webfonts","home_collection":"frontpage","home_text_page":"about-us","carousel_collection":"frontpage","main_menu_linklist":"main-menu","categories_linklist":"main-menu","latest_blog":"news","popular_collection":"frontpage","shop_tagline":"","shop_keywords":"","header_font_bold":"false","sub_total_bg":"#ffffff","sub_total_text":"#272d33"},"Beach Hut":{"customer_layout":"theme","paginate_products_by":"12","mobile_button_bg":"#ff7700","mobile_button_text":"#ffffff","logo_color":"#403125","logo_hover":"#000000","logo_size":"68","minicart_text":"#5b493b","minicart_text_hover":"#333333","banner_ad_link":"\/pages\/about-us","home_collection_no":"6","top_menu_bg":"#5e4c46","top_menu_bg1":"#392e2a","top_menu_links":"#f4ddb1","top_menu_links_hover":"#ffffff","top_menu_links_border":"#413124","top_menu_sub_bg":"#f4ddb1","top_menu_links_sub":"#664224","top_menu_links_sub_hover":"#c33a0e","nav_font_size":"22","button_bg_col":"#e3430d","button_bg_col1":"#c33a0e","button_text":"#ffffff","button_bg_color_hover":"#e3430d","button_text_hover":"#ffffff","button_sec_bg_color":"#f4ddb1","button_sec_text":"#c33a0e","button_sec_bg_color_hover":"#f7e6c3","button_sec_text_hover":"#c33a0e","bg_color":"#fcecdc","text_color":"#392e2a","heading_color":"#392e2a","link_color":"#c33a0e","link_hover_color":"#000000","content_bg":"#ffffff","content_borders":"#ffffff","field_bg_color":"#ffffff","field_text_color":"#555555","field_border_color":"#bdaf9b","field_border_focus":"#333333","pagin_color":"#c33a0e","pagin_color_hover":"#c33a0e","pagin_bg_hover":"#333333","pagin_text_curr":"#333333","pagin_bg_curr":"#c33a0e","customer_box_bg":"#ffffff","acc_text":"#392e2a","acc_bg":"#f4ddb1","acc_text_active":"#c33a0e","scroller_title":"Our Brands","brand1_link":"\/collections\/all","brand1_name":"Brand","brand2_link":"\/collections\/all","brand2_name":"Brand","brand3_link":"\/collections\/all","brand3_name":"Brand","brand4_link":"\/collections\/all","brand4_name":"Brand","brand5_link":"\/collections\/all","brand5_name":"Brand","brand6_link":"\/collections\/all","brand6_name":"Brand","brand7_link":"\/collections\/all","brand7_name":"Brand","brand8_link":"\/collections\/all","brand8_name":"Brand","brand9_link":"\/collections\/all","brand9_name":"Brand","brand10_link":"\/collections\/all","brand10_name":"Brand","brand11_link":"\/collections\/all","brand11_name":"Brand","brand12_link":"\/collections\/all","brand12_name":"Brand","brand13_link":"\/collections\/all","brand13_name":"Brand","brand14_link":"\/collections\/all","brand14_name":"Brand","brand15_link":"\/collections\/all","brand15_name":"Brand","caption_bg":"#392e2a","caption_text":"#ffffff","slider_bg":"#ffffff","home_slide1_link":"\/pages\/about-us","home_slide2_link":"\/pages\/about-us","home_slide3_link":"\/pages\/about-us","home_slide4_link":"\/pages\/about-us","home_slide5_link":"\/pages\/about-us","home_slide6_link":"\/pages\/about-us","home_slide7_link":"\/pages\/about-us","home_slide8_link":"\/pages\/about-us","home_slide9_link":"\/pages\/about-us","home_slide10_link":"\/pages\/about-us","thumb_bg":"#ffffff","thumb_title_size":"22","th_caption_bg":"#ffffff","th_caption_bg1":"#ffffff","th_caption_bg_hover":"#faeada","th_title":"#5e4c46","th_price":"#c33a0e","th_sale_bg":"#fa4408","th_sale_bg1":"#c33a0e","th_sale_text":"#ffffff","sidebar_bg":"#ffffff","categories_heading":"Categories","shop_tags_heading":"Shop by tag","acc_headings_text":"#f4ddb1","acc_headings_active":"#ffffff","acc_headings_bg":"#5e4c46","acc_headings_bg1":"#392e2a","acc_headings_bg_hover":"#91725d","acc_link_color":"#5e4c46","acc_link_hover_color":"#222222","acc_link_bg":"#f4ddb1","acc_link_hover_bg_color":"#e0c99c","acc_link_border":"#ebd4a7","side_news_bg":"#f4ddb1","side_news_headings":"#5e4c46","side_news_text":"#5e4c46","newsletter_heading":"Newsletter","newsletter_action":"","newsletter_button":"Subscribe","side_latest_text":"#5e4c46","latest_heading":"Latest posts","side_popular_bg":"#f7e5cc","side_popular_headings":"#5e4c46","side_popular_text":"#5e4c46","side_popular_text_hover":"#222222","side_popular_border":"#deccb2","popular_heading":"Popular Products","side_social_bg":"#f7e5cc","side_social_headings":"#5e4c46","social_heading":"Stay in touch","twitter_link":"http:\/\/twitter.com\/","facebook_link":"http:\/\/facebook.com\/","youtube_link":"http:\/\/youtube.com\/","vimeo_link":"http:\/\/vimeo.com\/","myspace_link":"http:\/\/myspace.com\/","gplus_link":"http:\/\/plus.google.com\/","flickr_link":"http:\/\/flickr.com\/","pinterest_link":"http:\/\/pinterest.com\/","instagram_link":"http:\/\/instagram.com\/","linkedin_link":"http:\/\/linkedin.com\/","vine_link":"http:\/\/vine.com\/","tumblr_link":"http:\/\/tumblr.com\/","comments_bg":"#f4ddb1","footer_text":"#403125","footer_links":"#403125","footer_links_hover":"#aa0000","shipping_calculator_heading":"Get shipping estimates","shipping_calculator_default_country":"United States","shipping_calculator_submit_button_label":"Calculate shipping","shipping_calculator_submit_button_label_disabled":"Calculating...","checkout_logo_height":"100","chk_logo_bg":"#222222","chk_page_bg":"#ffffff","chk_page_text":"#392e2a","chk_page_headings":"#392e2a","chk_page_links":"#c33a0e","chk_page_links_hover":"#333333","chk_page_box_bg":"#faf8eb","chk_page_cost":"#c33a0e","chk_add_notify_bg":"#ab7b60","chk_add_notify_text":"#ffffff","supported_currencies":"USD GBP EUR CAD","default_currency":"USD","header_google_font":"<link href='http:\/\/fonts.googleapis.com\/css?family=Lobster' rel='stylesheet' type='text\/css'>","header_google_font_name":"Lobster","text_google_font":"<link href='http:\/\/fonts.googleapis.com\/css?family=Nobile:400,400italic,700,700italic' rel='stylesheet' type='text\/css'>","text_google_font_name":"Nobile","caption1_main":"","caption2_main":"","caption3_main":"Captions are optional and easy to change!","caption4_main":"","caption5_main":"","caption6_main":"","caption7_main":"","caption8_main":"","caption9_main":"","caption10_main":"","newsletter_text":"Subscribe to our newsletter to recieve special offers and discount codes by email","cart_terms_text":"I agree with the <a href=\"\/pages\/terms-and-conditions\" target=\"_blank\">terms and conditions<\/a>","cart_terms_popup":"You must agree with the terms and conditions of sale to check out","user_css":"","products_per_row":"3","header_font":"'Lucida Grande', 'Lucida Sans Unicode', 'Lucida Sans', Lucida, Helvetica, Arial, sans-serif","header_font_style":"none","header_font_weight":"normal","text_font":"Trebuchet MS, sans-serif","minicart_bg":"minicart-paper.png","button_case":"none","content_bg_opacity":"0.75","site_bg_image":"bg-wood.jpg","bg_image_y_position":"top","bg_image_x_position":"center","bg_image_repeat":"repeat","bg_image_attachment":"fixed","scroller_arrows":"scroller-buttons-light.png","scroll_start":"5000","slideshow_speed":"7000","slide_trans":"scrollHorz","slide_arrows":"slide-buttons-light.png","sidebar_bg_opacity":"0.25","number_pop_products":"5","footer_bg_image":"nobackground","backtop_icon":"button-top.png","shipping_calculator":"Enabled","checkout_logo":"same","currency_format":"money_format","show_bread":false,"mobile_hide_slideshow":false,"mobile_related_items":false,"mobile_hide_prd_images":false,"mobile_hide_coll_desc":false,"custom_logo":false,"show_banner_ad":true,"banner_ad_home":true,"banner_ad_collection":true,"banner_ad_product":true,"banner_ad_cart":true,"banner_ad_page":true,"banner_ad_blog":true,"show_home_products":true,"show_home_text":true,"show_top_menu":true,"button_bold":false,"stretch_bg":false,"show_brand_scroller":true,"scroller_home":true,"scroller_collection":true,"scroller_product":true,"scroller_cart":true,"scroller_page":true,"scroller_blog":true,"show_brand1":true,"show_brand2":true,"show_brand3":true,"show_brand4":true,"show_brand5":true,"show_brand6":true,"show_brand7":true,"show_brand8":false,"show_brand9":false,"show_brand10":false,"show_brand11":false,"show_brand12":false,"show_brand13":false,"show_brand14":false,"show_brand15":false,"show_slideshow":true,"auto_scroll":true,"show_slide1":true,"show_slide2":true,"show_slide3":true,"show_slide4":false,"show_slide5":false,"show_slide6":false,"show_slide7":false,"show_slide8":false,"show_slide9":false,"show_slide10":false,"zoom_product":true,"show_qty":true,"product_social":true,"product_related":true,"show_categories_menu":true,"show_tags_menu":true,"show_newsletter_form":true,"show_latest_posts_menu":true,"show_popular":true,"show_social":true,"show_twitter":true,"show_facebook":true,"show_youtube":true,"show_vimeo":true,"show_myspace":true,"show_gplus":true,"show_flickr":true,"show_pinterest":true,"show_instagram":true,"show_linkedin":true,"show_vine":true,"show_tumblr":true,"show_blog_categories":true,"blog_social":true,"show_payment_icons":true,"show_2checkout_icon":true,"show_amex_icon":true,"show_bitcoin_icon":true,"show_cirrus_icon":true,"show_delta_icon":true,"show_dd_icon":true,"show_discover_icon":true,"show_google_icon":true,"show_maestro_icon":true,"show_mastercard_icon":true,"show_moneybookers_icon":true,"show_paypal_icon":true,"show_sagepay_icon":true,"show_solo_icon":true,"show_switch_icon":true,"show_visa_icon":true,"show_visaelectron_icon":true,"show_western_icon":true,"show_cart_note":true,"show_extra_checkout_options":true,"show_terms_cart":true,"chk_logo_solid":false,"show_multiple_currencies":true,"header_font_method":"google_fonts","text_font_method":"websafe","border_color":"#f7ece1","logo_color_hover":"#000000","logo_font_size":"64","slide_height":"273","slider_speed":"7000","slide_1_link":"\/collections\/all","slide_2_link":"\/collections\/all","slide_3_link":"\/collections\/all","slide_4_link":"\/collections\/all","slide_5_link":"\/collections\/all","slide_6_link":"\/collections\/all","slide_7_link":"\/collections\/all","slide_8_link":"\/collections\/all","slide_9_link":"\/collections\/all","slide_10_link":"\/collections\/all","carousel_heading":"Featured","carousel_speed":"7000","featured_bg":"#ffffff","button_bg_color":"#ff7200","thumbnail_bg":"#ffffff","thumbnail_caption":"#cccccc","thumbnail_caption_hover":"#ffffff","thumbnail_price_bg":"#dddddd","thumbnail_price_text":"#777777","navigation_bg_color":"#403125","navigation_text":"#ead1b7","navigation_text_hover":"#ffffff","nav_border_color":"#ffffff","search_bg":"#ffffff","search_text":"#999999","sub_bg_color":"#7a6f67","sub_menu_text":"#403125","sub_menu_text_hover":"#ffffff","product_form":"#fffdea","side_section_bg":"#FFFFFF","accordion_headings_text":"#ead1b7","accordion_headings_active":"#FFFFFF","accordion_headings_bg":"#5b4d42","accordion_headings_bg_hover":"#8f7a68","accordion_link_color":"#4dbfee","accordion_link_hover_color":"#333333","accordion_link_bg":"#ffffff","accordion_link_hover_bg_color":"#eeeeee","comment_form_borders":"#ffffff","comment_form_headings":"#333333","comment_form_labels":"#777777","comment_form_field_bg":"#ffffff","comment_form_field_text":"#333333","blog_image_bg":"#f6f6f6","comment_notice_bg":"#005b7f","comment_notice_text":"#ffffff","paginate_bg":"#eeeeee","paginate_bg_hover":"#cccccc","paginate_text":"#ff5300","paginate_text_hover":"#000000","paginate_current_bg":"#ff5300","paginate_current_text":"#ffffff","google_webfont_font":"<link href='http:\/\/fonts.googleapis.com\/css?family=Alegreya:400,700' rel='stylesheet' type='text\/css'>","google_webfont_font_name":"Alegreya","sidebar_position":"left","regular_font":"Helvetica, Arial, sans-serif","nav_transform":"none","nav_active_color":"white","logo_font_bold":"true","show_home_collection":"true","show_slider":"true","show_slide_1":"true","show_slide_2":"true","show_slide_3":"true","show_slide_4":"false","show_slide_5":"false","show_slide_6":"false","show_slide_7":"false","show_slide_8":"false","show_slide_9":"false","show_slide_10":"false","show_carousel":"true","special_nav_font":"true","special_button_font":"true","nav_font_bold":"true","product_show_tweet":"true","product_show_like":"true","product_show_gplus":"true","product_show_pinterest":"true","typeface_method":"google_webfonts","home_collection":"frontpage","home_text_page":"about-us","carousel_collection":"frontpage","main_menu_linklist":"main-menu","categories_linklist":"main-menu","latest_blog":"news","popular_collection":"frontpage","shop_tagline":"","shop_keywords":"","header_font_bold":"false","sub_total_bg":"#ffffff","sub_total_text":"#272d33"},"Digitale":{"customer_layout":"theme","paginate_products_by":"12","mobile_button_bg":"#f1c40f","mobile_button_text":"#000000","logo_color":"#f1c40f","logo_hover":"#ffffff","logo_size":"64","minicart_text":"#f1c40f","minicart_text_hover":"#ffffff","banner_ad_link":"\/pages\/about-us","home_collection_no":"8","top_menu_bg":"#222222","top_menu_bg1":"#111111","top_menu_links":"#f1c40f","top_menu_links_hover":"#eeeeee","top_menu_links_border":"#222222","top_menu_sub_bg":"#000000","top_menu_links_sub":"#f1c40f","top_menu_links_sub_hover":"#ffffff","nav_font_size":"20","button_bg_col":"#32d177","button_bg_col1":"#27ae60","button_text":"#ffffff","button_bg_color_hover":"#32d177","button_text_hover":"#ffffff","button_sec_bg_color":"#444444","button_sec_text":"#cccccc","button_sec_bg_color_hover":"#666666","button_sec_text_hover":"#ffffff","bg_color":"#222222","text_color":"#dddddd","heading_color":"#f1c40f","link_color":"#f1c40f","link_hover_color":"#ffffff","content_bg":"#222222","content_borders":"#333333","field_bg_color":"#ffffff","field_text_color":"#555555","field_border_color":"#b2b9bd","field_border_focus":"#333333","pagin_color":"#f1c40f","pagin_color_hover":"#f1c40f","pagin_bg_hover":"#ffffff","pagin_text_curr":"#ffffff","pagin_bg_curr":"#f1c40f","customer_box_bg":"#444444","acc_text":"#f1c40f","acc_bg":"#333333","acc_text_active":"#ffffff","scroller_title":"Our Brands","brand1_link":"\/collections\/all","brand1_name":"Brand","brand2_link":"\/collections\/all","brand2_name":"Brand","brand3_link":"\/collections\/all","brand3_name":"Brand","brand4_link":"\/collections\/all","brand4_name":"Brand","brand5_link":"\/collections\/all","brand5_name":"Brand","brand6_link":"\/collections\/all","brand6_name":"Brand","brand7_link":"\/collections\/all","brand7_name":"Brand","brand8_link":"\/collections\/all","brand8_name":"Brand","brand9_link":"\/collections\/all","brand9_name":"Brand","brand10_link":"\/collections\/all","brand10_name":"Brand","brand11_link":"\/collections\/all","brand11_name":"Brand","brand12_link":"\/collections\/all","brand12_name":"Brand","brand13_link":"\/collections\/all","brand13_name":"Brand","brand14_link":"\/collections\/all","brand14_name":"Brand","brand15_link":"\/collections\/all","brand15_name":"Brand","caption_bg":"#000000","caption_text":"#f1c40f","slider_bg":"#ffffff","home_slide1_link":"\/pages\/about-us","home_slide2_link":"\/pages\/about-us","home_slide3_link":"\/pages\/about-us","home_slide4_link":"\/pages\/about-us","home_slide5_link":"\/pages\/about-us","home_slide6_link":"\/pages\/about-us","home_slide7_link":"\/pages\/about-us","home_slide8_link":"\/pages\/about-us","home_slide9_link":"\/pages\/about-us","home_slide10_link":"\/pages\/about-us","thumb_bg":"#333333","thumb_title_size":"18","th_caption_bg":"#363636","th_caption_bg1":"#333333","th_caption_bg_hover":"#444444","th_title":"#f1c40f","th_price":"#ffffff","th_sale_bg":"#ff0000","th_sale_bg1":"#990000","th_sale_text":"#ffffff","sidebar_bg":"#000000","categories_heading":"Categories","shop_tags_heading":"Shop by tag","acc_headings_text":"#111111","acc_headings_active":"#ffffff","acc_headings_bg":"#f1c40f","acc_headings_bg1":"#d1a701","acc_headings_bg_hover":"#f1c40f","acc_link_color":"#f1c40f","acc_link_hover_color":"#ffffff","acc_link_bg":"#444444","acc_link_hover_bg_color":"#333333","acc_link_border":"#333333","side_news_bg":"#f1c40f","side_news_headings":"#222222","side_news_text":"#ffffff","newsletter_heading":"Newsletter","newsletter_action":"","newsletter_button":"Subscribe","side_latest_text":"#aaaaaa","latest_heading":"Latest posts","side_popular_bg":"#333333","side_popular_headings":"#f1c40f","side_popular_text":"#f1c40f","side_popular_text_hover":"#ffffff","side_popular_border":"#444444","popular_heading":"Popular Products","side_social_bg":"#444444","side_social_headings":"#f1c40f","social_heading":"Stay in touch","twitter_link":"http:\/\/twitter.com\/","facebook_link":"http:\/\/facebook.com\/","youtube_link":"http:\/\/youtube.com\/","vimeo_link":"http:\/\/vimeo.com\/","myspace_link":"http:\/\/myspace.com\/","gplus_link":"http:\/\/plus.google.com\/","flickr_link":"http:\/\/flickr.com\/","pinterest_link":"http:\/\/pinterest.com\/","instagram_link":"http:\/\/instagram.com\/","linkedin_link":"http:\/\/linkedin.com\/","vine_link":"http:\/\/vine.com\/","tumblr_link":"http:\/\/tumblr.com\/","comments_bg":"#f6f6f6","footer_text":"#f1c40f","footer_links":"#f1c40f","footer_links_hover":"#ffffff","shipping_calculator_heading":"Get shipping estimates","shipping_calculator_default_country":"United States","shipping_calculator_submit_button_label":"Calculate shipping","shipping_calculator_submit_button_label_disabled":"Calculating...","checkout_logo_height":"100","chk_logo_bg":"#222222","chk_page_bg":"#222222","chk_page_text":"#eeeeee","chk_page_headings":"#f1c40f","chk_page_links":"#f1c40f","chk_page_links_hover":"#ffffff","chk_page_box_bg":"#333333","chk_page_cost":"#f1c40f","chk_add_notify_bg":"#8ad158","chk_add_notify_text":"#111111","supported_currencies":"USD GBP EUR CAD","default_currency":"USD","header_google_font":"<link href='http:\/\/fonts.googleapis.com\/css?family=PT+Sans+Narrow:400,700' rel='stylesheet' type='text\/css'>","header_google_font_name":"PT Sans Narrow","text_google_font":"<link href='http:\/\/fonts.googleapis.com\/css?family=Lato:400,700,700italic,400italic' rel='stylesheet' type='text\/css'>","text_google_font_name":"Lato","caption1_main":"","caption2_main":"","caption3_main":"Captions are optional and easy to add!!!","caption4_main":"Captions are optional and easy to control!!!","caption5_main":"Add your caption here!!!","caption6_main":"","caption7_main":"","caption8_main":"","caption9_main":"","caption10_main":"","newsletter_text":"Subscribe to our newsletter to recieve special offers and discount codes by email","cart_terms_text":"I agree with the <a href=\"\/pages\/terms-and-conditions\" target=\"_blank\">terms and conditions<\/a>","cart_terms_popup":"You must agree with the terms and conditions of sale to check out","user_css":"","products_per_row":"4","header_font":"Helvetica, Arial, sans-serif","header_font_style":"uppercase","header_font_weight":"normal","text_font":"Helvetica, Arial, sans-serif","minicart_bg":"cart-simple-dark.png","button_case":"none","content_bg_opacity":"0.75","site_bg_image":"bg-nightscape.jpg","bg_image_y_position":"top","bg_image_x_position":"center","bg_image_repeat":"no-repeat","bg_image_attachment":"fixed","scroller_arrows":"scroller-buttons-dark.png","scroll_start":"5000","slideshow_speed":"7000","slide_trans":"scrollHorz","slide_arrows":"slide-buttons-light.png","sidebar_bg_opacity":"0.25","number_pop_products":"5","footer_bg_image":"nobackground","backtop_icon":"icon-up-dark.png","shipping_calculator":"Enabled","checkout_logo":"same","currency_format":"money_format","show_bread":false,"mobile_hide_slideshow":false,"mobile_related_items":false,"mobile_hide_prd_images":false,"mobile_hide_coll_desc":false,"custom_logo":false,"show_banner_ad":true,"banner_ad_home":true,"banner_ad_collection":true,"banner_ad_product":true,"banner_ad_cart":true,"banner_ad_page":true,"banner_ad_blog":true,"show_home_products":true,"show_home_text":true,"show_top_menu":true,"button_bold":false,"stretch_bg":true,"show_brand_scroller":true,"scroller_home":true,"scroller_collection":true,"scroller_product":true,"scroller_cart":true,"scroller_page":true,"scroller_blog":true,"show_brand1":true,"show_brand2":true,"show_brand3":true,"show_brand4":true,"show_brand5":true,"show_brand6":true,"show_brand7":true,"show_brand8":false,"show_brand9":false,"show_brand10":false,"show_brand11":false,"show_brand12":false,"show_brand13":false,"show_brand14":false,"show_brand15":false,"show_slideshow":true,"auto_scroll":true,"show_slide1":false,"show_slide2":false,"show_slide3":false,"show_slide4":true,"show_slide5":true,"show_slide6":false,"show_slide7":false,"show_slide8":false,"show_slide9":false,"show_slide10":false,"zoom_product":true,"show_qty":true,"product_social":true,"product_related":true,"show_categories_menu":true,"show_tags_menu":true,"show_newsletter_form":true,"show_latest_posts_menu":true,"show_popular":true,"show_social":true,"show_twitter":true,"show_facebook":true,"show_youtube":true,"show_vimeo":true,"show_myspace":true,"show_gplus":true,"show_flickr":true,"show_pinterest":true,"show_instagram":true,"show_linkedin":true,"show_vine":true,"show_tumblr":true,"show_blog_categories":true,"blog_social":true,"show_payment_icons":true,"show_2checkout_icon":true,"show_amex_icon":true,"show_bitcoin_icon":true,"show_cirrus_icon":true,"show_delta_icon":true,"show_dd_icon":true,"show_discover_icon":true,"show_google_icon":true,"show_maestro_icon":true,"show_mastercard_icon":true,"show_moneybookers_icon":true,"show_paypal_icon":true,"show_sagepay_icon":true,"show_solo_icon":true,"show_switch_icon":true,"show_visa_icon":true,"show_visaelectron_icon":true,"show_western_icon":true,"show_cart_note":true,"show_extra_checkout_options":true,"show_terms_cart":true,"chk_logo_solid":false,"show_multiple_currencies":true,"header_font_method":"google_fonts","text_font_method":"google_fonts","border_color":"#a00","logo_color_hover":"#333333","logo_font_size":"64","slide_height":"273","slider_speed":"7000","slide_1_link":"\/collections\/all","slide_2_link":"\/collections\/all","slide_3_link":"\/collections\/all","slide_4_link":"\/collections\/all","slide_5_link":"\/collections\/all","slide_6_link":"\/collections\/all","slide_7_link":"\/collections\/all","slide_8_link":"\/collections\/all","slide_9_link":"\/collections\/all","slide_10_link":"\/collections\/all","carousel_heading":"Featured","carousel_speed":"7000","featured_bg":"#ffffff","button_bg_color":"#ff5300","thumbnail_bg":"#ffffff","thumbnail_caption":"#cccccc","thumbnail_caption_hover":"#ffffff","thumbnail_price_bg":"#dddddd","thumbnail_price_text":"#777777","navigation_bg_color":"#c1e7f7","navigation_text":"#819ba6","navigation_text_hover":"#ff5300","nav_border_color":"#ffffff","search_bg":"#ffffff","search_text":"#3587aa","sub_bg_color":"#d4eef9","sub_menu_text":"#98aab3","sub_menu_text_hover":"#ff5300","product_form":"#fffdea","side_section_bg":"#FFFFFF","accordion_headings_text":"#256781","accordion_headings_active":"#FFFFFF","accordion_headings_bg":"#84d0f0","accordion_headings_bg_hover":"#ff5300","accordion_link_color":"#ff5300","accordion_link_hover_color":"#000000","accordion_link_bg":"#ffffff","accordion_link_hover_bg_color":"#dddddd","comment_form_borders":"#ffffff","comment_form_headings":"#333333","comment_form_labels":"#777777","comment_form_field_bg":"#ffffff","comment_form_field_text":"#333333","blog_image_bg":"#f6f6f6","comment_notice_bg":"#005b7f","comment_notice_text":"#ffffff","paginate_bg":"#eeeeee","paginate_bg_hover":"#cccccc","paginate_text":"#ff5300","paginate_text_hover":"#000000","paginate_current_bg":"#ff5300","paginate_current_text":"#ffffff","google_webfont_font":"<link href='http:\/\/fonts.googleapis.com\/css?family=PT+Sans:400,700' rel='stylesheet' type='text\/css'>","google_webfont_font_name":"PT Sans","sidebar_position":"left","regular_font":"Helvetica, Arial, sans-serif","nav_transform":"none","nav_active_color":"white","logo_font_bold":"true","show_home_collection":"true","show_slider":"true","show_slide_1":"true","show_slide_2":"true","show_slide_3":"true","show_slide_4":"false","show_slide_5":"false","show_slide_6":"false","show_slide_7":"false","show_slide_8":"false","show_slide_9":"false","show_slide_10":"false","show_carousel":"true","special_nav_font":"true","special_button_font":"true","nav_font_bold":"true","product_show_tweet":"true","product_show_like":"true","product_show_gplus":"true","product_show_pinterest":"true","typeface_method":"google_webfonts","home_collection":"frontpage","home_text_page":"about-us","carousel_collection":"frontpage","main_menu_linklist":"main-menu","categories_linklist":"main-menu","latest_blog":"news","popular_collection":"frontpage","shop_tagline":"","shop_keywords":"","header_font_bold":"false","sub_total_bg":"#ffffff","sub_total_text":"#272d33"},"Uplift":{"customer_layout":"theme","paginate_products_by":"12","mobile_button_bg":"#ff586c","mobile_button_text":"#ffffff","logo_color":"#ff586c","logo_hover":"#ffffff","logo_size":"64","minicart_text":"#ff586c","minicart_text_hover":"#407794","banner_ad_link":"\/pages\/about-us","home_collection_no":"6","top_menu_bg":"#ffffff","top_menu_bg1":"#e3f0ff","top_menu_links":"#99d8ff","top_menu_links_hover":"#ff3852","top_menu_links_border":"#ffffff","top_menu_sub_bg":"#ffffff","top_menu_links_sub":"#ff3852","top_menu_links_sub_hover":"#222222","nav_font_size":"20","button_bg_col":"#ff6a83","button_bg_col1":"#ff4655","button_text":"#ffffff","button_bg_color_hover":"#ff6a83","button_text_hover":"#ffffff","button_sec_bg_color":"#eeeeee","button_sec_text":"#6dc8ff","button_sec_bg_color_hover":"#ffffff","button_sec_text_hover":"#6dc8ff","bg_color":"#e3f1ff","text_color":"#407794","heading_color":"#99d8ff","link_color":"#ff586c","link_hover_color":"#000000","content_bg":"#ffffff","content_borders":"#ceedf5","field_bg_color":"#ffffff","field_text_color":"#555555","field_border_color":"#aad9e6","field_border_focus":"#333333","pagin_color":"#ff586c","pagin_color_hover":"#ff586c","pagin_bg_hover":"#ffffff","pagin_text_curr":"#ffffff","pagin_bg_curr":"#ff586c","customer_box_bg":"#ceedf5","acc_text":"#407794","acc_bg":"#ceedf5","acc_text_active":"#ff586c","scroller_title":"Our Brands","brand1_link":"\/collections\/all","brand1_name":"Brand","brand2_link":"\/collections\/all","brand2_name":"Brand","brand3_link":"\/collections\/all","brand3_name":"Brand","brand4_link":"\/collections\/all","brand4_name":"Brand","brand5_link":"\/collections\/all","brand5_name":"Brand","brand6_link":"\/collections\/all","brand6_name":"Brand","brand7_link":"\/collections\/all","brand7_name":"Brand","brand8_link":"\/collections\/all","brand8_name":"Brand","brand9_link":"\/collections\/all","brand9_name":"Brand","brand10_link":"\/collections\/all","brand10_name":"Brand","brand11_link":"\/collections\/all","brand11_name":"Brand","brand12_link":"\/collections\/all","brand12_name":"Brand","brand13_link":"\/collections\/all","brand13_name":"Brand","brand14_link":"\/collections\/all","brand14_name":"Brand","brand15_link":"\/collections\/all","brand15_name":"Brand","caption_bg":"#ff586c","caption_text":"#ffffff","slider_bg":"#ffffff","home_slide1_link":"\/pages\/about-us","home_slide2_link":"\/pages\/about-us","home_slide3_link":"\/pages\/about-us","home_slide4_link":"\/pages\/about-us","home_slide5_link":"\/pages\/about-us","home_slide6_link":"\/pages\/about-us","home_slide7_link":"\/pages\/about-us","home_slide8_link":"\/pages\/about-us","home_slide9_link":"\/pages\/about-us","home_slide10_link":"\/pages\/about-us","thumb_bg":"#ffc4ce","thumb_title_size":"22","th_caption_bg":"#ffd1d9","th_caption_bg1":"#ffc4ce","th_caption_bg_hover":"#ffc4ce","th_title":"#ffffff","th_price":"#ff6a83","th_sale_bg":"#6dc8ff","th_sale_bg1":"#53aee6","th_sale_text":"#ffffff","sidebar_bg":"#ffffff","categories_heading":"Categories","shop_tags_heading":"Shop by tag","acc_headings_text":"#ffffff","acc_headings_active":"#ffffff","acc_headings_bg":"#ff7f94","acc_headings_bg1":"#ff6a83","acc_headings_bg_hover":"#ff6a83","acc_link_color":"#ff4e60","acc_link_hover_color":"#ff4e60","acc_link_bg":"#ffffff","acc_link_hover_bg_color":"#e3f1ff","acc_link_border":"#e3f1ff","side_news_bg":"#a6d2ff","side_news_headings":"#ffffff","side_news_text":"#ffffff","newsletter_heading":"Newsletter","newsletter_action":"","newsletter_button":"Subscribe","side_latest_text":"#555555","latest_heading":"Latest posts","side_popular_bg":"#ffd1d9","side_popular_headings":"#ffffff","side_popular_text":"#ffffff","side_popular_text_hover":"#555555","side_popular_border":"#ffffff","popular_heading":"Popular Products","side_social_bg":"#ffd1d9","side_social_headings":"#ffffff","social_heading":"Stay in touch","twitter_link":"http:\/\/twitter.com\/","facebook_link":"http:\/\/facebook.com\/","youtube_link":"http:\/\/youtube.com\/","vimeo_link":"http:\/\/vimeo.com\/","myspace_link":"http:\/\/myspace.com\/","gplus_link":"http:\/\/plus.google.com\/","flickr_link":"http:\/\/flickr.com\/","pinterest_link":"http:\/\/pinterest.com\/","instagram_link":"http:\/\/instagram.com\/","linkedin_link":"http:\/\/linkedin.com\/","vine_link":"http:\/\/vine.com\/","tumblr_link":"http:\/\/tumblr.com\/","comments_bg":"#ffd1d9","footer_text":"#999999","footer_links":"#999999","footer_links_hover":"#000000","shipping_calculator_heading":"Get shipping estimates","shipping_calculator_default_country":"United States","shipping_calculator_submit_button_label":"Calculate shipping","shipping_calculator_submit_button_label_disabled":"Calculating...","checkout_logo_height":"100","chk_logo_bg":"#222222","chk_page_bg":"#ffffff","chk_page_text":"#407794","chk_page_headings":"#99d8ff","chk_page_links":"#ff586c","chk_page_links_hover":"#111111","chk_page_box_bg":"#ebfaf7","chk_page_cost":"#ff586c","chk_add_notify_bg":"#ff8291","chk_add_notify_text":"#ffffff","supported_currencies":"USD GBP EUR CAD","default_currency":"USD","header_google_font":"<link href='http:\/\/fonts.googleapis.com\/css?family=Pacifico' rel='stylesheet' type='text\/css'>","header_google_font_name":"Pacifico","text_google_font":"<link href='http:\/\/fonts.googleapis.com\/css?family=Roboto:400,700,400italic,700italic' rel='stylesheet' type='text\/css'>","text_google_font_name":"Roboto","caption1_main":"","caption2_main":"","caption3_main":"Captions are optional and really easy to control!!!","caption4_main":"","caption5_main":"","caption6_main":"","caption7_main":"","caption8_main":"","caption9_main":"","caption10_main":"","newsletter_text":"Subscribe to our newsletter to recieve special offers and discount codes by email","cart_terms_text":"I agree with the <a href=\"\/pages\/terms-and-conditions\" target=\"_blank\">terms and conditions<\/a>","cart_terms_popup":"You must agree with the terms and conditions of sale to check out","user_css":"","products_per_row":"3","header_font":"'Lucida Grande', 'Lucida Sans Unicode', 'Lucida Sans', Lucida, Helvetica, Arial, sans-serif","header_font_style":"none","header_font_weight":"normal","text_font":"Helvetica, Arial, sans-serif","minicart_bg":"cloud-cart.png","button_case":"none","content_bg_opacity":"0.75","site_bg_image":"bg-balloons.png","bg_image_y_position":"top","bg_image_x_position":"center","bg_image_repeat":"repeat-x","bg_image_attachment":"scroll","scroller_arrows":"scroller-buttons-light.png","scroll_start":"5000","slideshow_speed":"7000","slide_trans":"fade","slide_arrows":"slide-buttons-light.png","sidebar_bg_opacity":"0.25","number_pop_products":"5","footer_bg_image":"footer-clouds1.png","backtop_icon":"icon-up-light.png","shipping_calculator":"Enabled","checkout_logo":"same","currency_format":"money_format","show_bread":true,"mobile_hide_slideshow":false,"mobile_related_items":false,"mobile_hide_prd_images":false,"mobile_hide_coll_desc":false,"custom_logo":false,"show_banner_ad":true,"banner_ad_home":true,"banner_ad_collection":true,"banner_ad_product":true,"banner_ad_cart":true,"banner_ad_page":true,"banner_ad_blog":true,"show_home_products":true,"show_home_text":true,"show_top_menu":true,"button_bold":false,"stretch_bg":true,"show_brand_scroller":true,"scroller_home":true,"scroller_collection":true,"scroller_product":true,"scroller_cart":true,"scroller_page":true,"scroller_blog":true,"show_brand1":true,"show_brand2":true,"show_brand3":true,"show_brand4":true,"show_brand5":true,"show_brand6":true,"show_brand7":true,"show_brand8":false,"show_brand9":false,"show_brand10":false,"show_brand11":false,"show_brand12":false,"show_brand13":false,"show_brand14":false,"show_brand15":false,"show_slideshow":true,"auto_scroll":true,"show_slide1":true,"show_slide2":true,"show_slide3":true,"show_slide4":false,"show_slide5":false,"show_slide6":false,"show_slide7":false,"show_slide8":false,"show_slide9":false,"show_slide10":false,"zoom_product":true,"show_qty":true,"product_social":true,"product_related":true,"show_categories_menu":true,"show_tags_menu":true,"show_newsletter_form":true,"show_latest_posts_menu":true,"show_popular":true,"show_social":true,"show_twitter":true,"show_facebook":true,"show_youtube":true,"show_vimeo":true,"show_myspace":true,"show_gplus":true,"show_flickr":true,"show_pinterest":true,"show_instagram":true,"show_linkedin":true,"show_vine":true,"show_tumblr":true,"show_blog_categories":true,"blog_social":true,"show_payment_icons":true,"show_2checkout_icon":true,"show_amex_icon":true,"show_bitcoin_icon":true,"show_cirrus_icon":true,"show_delta_icon":true,"show_dd_icon":true,"show_discover_icon":true,"show_google_icon":true,"show_maestro_icon":true,"show_mastercard_icon":true,"show_moneybookers_icon":true,"show_paypal_icon":true,"show_sagepay_icon":true,"show_solo_icon":true,"show_switch_icon":true,"show_visa_icon":true,"show_visaelectron_icon":true,"show_western_icon":true,"show_cart_note":true,"show_extra_checkout_options":true,"show_terms_cart":true,"chk_logo_solid":false,"show_multiple_currencies":true,"header_font_method":"google_fonts","text_font_method":"google_fonts","border_color":"#ffffff","logo_color_hover":"#333333","logo_font_size":"64","slide_height":"273","slider_speed":"7000","slide_1_link":"\/collections\/all","slide_2_link":"\/collections\/all","slide_3_link":"\/collections\/all","slide_4_link":"\/collections\/all","slide_5_link":"\/collections\/all","slide_6_link":"\/collections\/all","slide_7_link":"\/collections\/all","slide_8_link":"\/collections\/all","slide_9_link":"\/collections\/all","slide_10_link":"\/collections\/all","carousel_heading":"Featured","carousel_speed":"7000","featured_bg":"#ffffff","button_bg_color":"#ff586c","thumbnail_bg":"#ffffff","thumbnail_caption":"#cccccc","thumbnail_caption_hover":"#ffffff","thumbnail_price_bg":"#dddddd","thumbnail_price_text":"#777777","navigation_bg_color":"#e3f1ff","navigation_text":"#358ab2","navigation_text_hover":"#ff586c","nav_border_color":"#ffffff","search_bg":"#ffffff","search_text":"#3587aa","sub_bg_color":"#edf6ff","sub_menu_text":"#a6acb3","sub_menu_text_hover":"#ff586c","product_form":"#fffdea","side_section_bg":"#FFFFFF","accordion_headings_text":"#87a8c5","accordion_headings_active":"#FFFFFF","accordion_headings_bg":"#afdbff","accordion_headings_bg_hover":"#ff586c","accordion_link_color":"#ff586c","accordion_link_hover_color":"#000000","accordion_link_bg":"#ffffff","accordion_link_hover_bg_color":"#d6f6f9","comment_form_borders":"#ffffff","comment_form_headings":"#333333","comment_form_labels":"#777777","comment_form_field_bg":"#ffffff","comment_form_field_text":"#333333","blog_image_bg":"#f6f6f6","comment_notice_bg":"#005b7f","comment_notice_text":"#ffffff","paginate_bg":"#eeeeee","paginate_bg_hover":"#cccccc","paginate_text":"#ff586c","paginate_text_hover":"#000000","paginate_current_bg":"#ff586c","paginate_current_text":"#ffffff","google_webfont_font":"<link href='http:\/\/fonts.googleapis.com\/css?family=Lobster+Two:400,700' rel='stylesheet' type='text\/css'>","google_webfont_font_name":"Lobster Two","sidebar_position":"left","regular_font":"Helvetica, Arial, sans-serif","nav_transform":"none","nav_active_color":"white","logo_font_bold":"true","show_home_collection":"true","show_slider":"true","show_slide_1":"true","show_slide_2":"true","show_slide_3":"true","show_slide_4":"false","show_slide_5":"false","show_slide_6":"false","show_slide_7":"false","show_slide_8":"false","show_slide_9":"false","show_slide_10":"false","show_carousel":"true","special_nav_font":"true","special_button_font":"true","nav_font_bold":"true","product_show_tweet":"true","product_show_like":"true","product_show_gplus":"true","product_show_pinterest":"true","typeface_method":"google_webfonts","home_collection":"frontpage","home_text_page":"about-us","carousel_collection":"frontpage","main_menu_linklist":"main-menu","categories_linklist":"main-menu","latest_blog":"news","popular_collection":"frontpage","shop_tagline":"","shop_keywords":"","header_font_bold":"false","sub_total_bg":"#ffffff","sub_total_text":"#272d33"}},"current":{"products_per_row":"3","paginate_products_by":"12","show_bread":false,"mobile_button_bg":"#ff7700","mobile_button_text":"#ffffff","mobile_hide_slideshow":false,"mobile_related_items":false,"mobile_hide_prd_images":false,"mobile_hide_coll_desc":false,"custom_logo":true,"logo_color":"#ff5300","logo_hover":"#000000","logo_size":"64","header_font_method":"websafe","header_google_font":"","header_google_font_name":"","header_font":"Helvetica, Arial, sans-serif","header_font_style":"uppercase","header_font_weight":"normal","text_font_method":"websafe","text_google_font":"<link href='http:\/\/fonts.googleapis.com\/css?family=Nobile:400,400italic,700,700italic' rel='stylesheet' type='text\/css'>","text_google_font_name":"Verdana","text_font":"Verdana, Helvetica, Arial, sans-serif","minicart_bg":"cart-simple-light.png","minicart_text":"#0a6e99","minicart_text_hover":"#333333","show_banner_ad":false,"banner_ad_link":"\/pages\/about-us","banner_ad_home":true,"banner_ad_collection":true,"banner_ad_product":true,"banner_ad_cart":true,"banner_ad_page":true,"banner_ad_blog":true,"show_home_products":true,"slider":true,"home_collection":"popular-voice-3g-4g-mobile-phone-repeaters","home_collection_title":"Check Our Most Popular Products","home_collection_no":"6","show_home_text":true,"home_text_page":"","show_top_menu":true,"main_menu_linklist":"main-menu","top_menu_bg":"#2c6aa7","top_menu_bg1":"#1c4587","top_menu_links":"#ffffff","top_menu_links_hover":"#ffffff","top_menu_links_border":"#2f79ad","top_menu_sub_bg":"#1c4587","top_menu_links_sub":"#ffffff","top_menu_links_sub_hover":"#ffffff","nav_font_size":"13","button_case":"none","button_bold":false,"button_bg_col":"#ffbd3e","button_bg_col1":"#ff7700","button_text":"#ffffff","button_bg_color_hover":"#ff7700","button_text_hover":"#ffffff","button_sec_bg_color":"#eeeeee","button_sec_text":"#44a9d4","button_sec_bg_color_hover":"#ffffff","button_sec_text_hover":"#44a9d4","bg_color":"#ffffff","text_color":"#171717","heading_color":"#2b5f77","link_color":"#31bdef","link_hover_color":"#53b848","content_bg":"#ffffff","content_bg_opacity":"1.0","content_borders":"#ffffff","field_bg_color":"#ffffff","field_text_color":"#555555","field_border_color":"#70b1cc","field_border_focus":"#333333","pagin_color":"#ff5300","pagin_color_hover":"#ff5300","pagin_bg_hover":"#ffffff","pagin_text_curr":"#ffffff","pagin_bg_curr":"#ff5300","customer_box_bg":"#d0f5ee","acc_text":"#234d61","acc_bg":"#ffffff","acc_text_active":"#ff5300","site_bg_image":"nobackground","bg_image_y_position":"top","bg_image_x_position":"center","bg_image_repeat":"repeat-x","bg_image_attachment":"scroll","stretch_bg":false,"show_brand_scroller":true,"scroller_title":"","scroller_home":true,"scroller_collection":false,"scroller_product":false,"scroller_cart":false,"scroller_page":false,"scroller_blog":false,"scroller_arrows":"scroller-buttons-light.png","scroll_start":"false","show_brand1":true,"brand1_link":"\/collections\/cell","brand1_name":"Brand","show_brand2":true,"brand2_link":"\/collections\/vodaphone","brand2_name":"Brand","show_brand3":true,"brand3_link":"\/collections\/telecom","brand3_name":"Brand","show_brand4":true,"brand4_link":"\/collections\/mtn","brand4_name":"Brand","show_brand5":true,"brand5_link":"\/collections\/all","brand5_name":"Brand","show_brand6":false,"brand6_link":"\/collections\/all","brand6_name":"Brand","show_brand7":false,"brand7_link":"\/collections\/all","brand7_name":"Brand","show_brand8":false,"brand8_link":"\/collections\/all","brand8_name":"Brand","show_brand9":false,"brand9_link":"\/collections\/all","brand9_name":"Brand","show_brand10":false,"brand10_link":"\/collections\/all","brand10_name":"Brand","show_brand11":false,"brand11_link":"\/collections\/all","brand11_name":"Brand","show_brand12":false,"brand12_link":"\/collections\/all","brand12_name":"Brand","show_brand13":false,"brand13_link":"\/collections\/all","brand13_name":"Brand","show_brand14":false,"brand14_link":"\/collections\/all","brand14_name":"Brand","show_brand15":false,"brand15_link":"\/collections\/all","brand15_name":"Brand","slider_home_enable":true,"slider_home_auto":true,"slider_home_rate":"7000","slider_home_transition":"slide","slide_1":false,"slide_1_link":"","slide_1_alt":"new all networks digital triband signal booster","slide_2":true,"slide_2_link":"\/pages\/mobile-signal-booster-repeaters-for-all-networks","slide_2_alt":"mobile repeater","slide_3":true,"slide_3_link":"http:\/\/www.mobilerepeater.co.uk\/pages\/contact-us","slide_3_alt":"mobile phone signal booster","slide_4":true,"slide_4_link":"\/pages\/custom-solutions","slide_4_alt":"corporate mobile signal booster","slide_5":true,"slide_5_link":"\/pages\/mobile-signal-booster-repeaters-for-all-networks","slide_5_alt":"t mobile signal booster","slide_6":false,"slide_6_link":"\/pages\/mobile-signal-booster-repeaters-for-all-networks","slide_6_alt":"mobile phone repeater","show_slideshow":true,"slideshow_speed":"10000","slide_trans":"fade","auto_scroll":true,"caption_bg":"#ff6000","caption_text":"#ffffff","slider_bg":"#ffffff","slide_arrows":"slide-buttons.png","show_slide1":true,"home_slide1_link":"\/pages\/about-us","caption1_main":"","show_slide2":true,"home_slide2_link":"\/pages\/about-us","caption2_main":"","show_slide3":true,"home_slide3_link":"\/pages\/about-us","caption3_main":"Captions are optional and easy to add!!!","show_slide4":true,"home_slide4_link":"\/pages\/about-us","caption4_main":"","show_slide5":true,"home_slide5_link":"\/pages\/about-us","caption5_main":"","show_slide6":true,"home_slide6_link":"\/pages\/about-us","caption6_main":"","show_slide7":true,"home_slide7_link":"\/pages\/about-us","caption7_main":"","show_slide8":true,"home_slide8_link":"\/pages\/about-us","caption8_main":"","show_slide9":true,"home_slide9_link":"\/pages\/about-us","caption9_main":"","show_slide10":false,"home_slide10_link":"\/pages\/about-us","caption10_main":"","show_tags":true,"tag_text":"Filter by >","thumb_bg":"#ffffff","thumb_title_size":"26","th_caption_bg":"#ffbd3e","th_caption_bg1":"#ffb114","th_caption_bg_hover":"#ffc83d","th_title":"#ffffff","th_price":"#aa0000","th_sale_bg":"#ffea04","th_sale_bg1":"#ff5300","th_sale_text":"#ffffff","zoom_product":true,"show_qty":true,"product_social":false,"product_related":true,"sidebar_bg":"#ffffff","sidebar_bg_opacity":"1.0","show_categories_menu":false,"categories_heading":"Categories","categories_linklist":"main-menu","show_tags_menu":false,"shop_tags_heading":"Shop by tag","acc_headings_text":"#ffffff","acc_headings_active":"#ffffff","acc_headings_bg":"#83ceee","acc_headings_bg1":"#70b1cc","acc_headings_bg_hover":"#ffbd3e","acc_link_color":"#ff5300","acc_link_hover_color":"#222222","acc_link_bg":"#ffffff","acc_link_hover_bg_color":"#f6f6f6","acc_link_border":"#f6f6f6","show_newsletter_form":true,"side_news_bg":"#ffffff","side_news_headings":"#ff5300","newsletter_heading":"Newsletter","newsletter_text":"Sign Up for Our Newsletter:","newsletter_action":"\/\/myshopify.us10.list-manage.com\/subscribe\/post?u=31c58a24cfc2591dd782ee1f2&amp;id=d8dc8c1e6e","newsletter_button":"Subscribe","show_testimonial":false,"testimonial_blog":"testimonial","show_testimonial_bg":"#ffffff","show_testimonial_headings":"#ff5300","side_news_text":"#234d61","testimonial_header_background":false,"Testi_Header_bg_col":"#006fa7","Testi_Header_bg_col1":"#01518e","Testi_Header_text":"#ffffff","show_testimonial_heading":"Testimonial","testimonial_content_here":"Thanks for your help! Not only are we getting coverage inside but we even get a signal outside in the garden area.\r\n\r\nJustine Stephenson","number_pop_testimonial":"1","show_latest_posts_menu":false,"side_latest_text":"#555555","latest_heading":"Latest posts","latest_blog":"news","show_popular":false,"side_popular_bg":"#ffffff","side_popular_headings":"#ff5300","side_popular_text":"#ff5300","side_popular_text_hover":"#222222","side_popular_border":"#dddddd","popular_heading":"Popular Products","popular_collection":"frontpage","number_pop_products":"5","return-policy_image_enable":true,"return-policy_image_link":"return-policy","show_social":true,"side_social_bg":"#ffffff","side_social_headings":"#ff5300","social_heading":"Stay in touch","show_twitter":true,"twitter_link":"http:\/\/twitter.com\/","show_facebook":true,"facebook_link":"http:\/\/facebook.com\/","show_youtube":true,"youtube_link":"http:\/\/youtube.com\/","show_vimeo":true,"vimeo_link":"http:\/\/vimeo.com\/","show_myspace":true,"myspace_link":"http:\/\/myspace.com\/","show_gplus":true,"gplus_link":"http:\/\/plus.google.com\/","show_flickr":true,"flickr_link":"http:\/\/flickr.com\/","show_pinterest":true,"pinterest_link":"http:\/\/pinterest.com\/","show_instagram":true,"instagram_link":"http:\/\/instagram.com\/","show_linkedin":true,"linkedin_link":"http:\/\/linkedin.com\/","show_vine":true,"vine_link":"http:\/\/vine.com\/","show_tumblr":true,"tumblr_link":"http:\/\/tumblr.com\/","show_blog_categories":true,"blog_social":true,"comments_bg":"#ffffff","show_payment_icons":true,"show_2checkout_icon":false,"show_amex_icon":true,"show_bitcoin_icon":false,"show_cirrus_icon":false,"show_delta_icon":false,"show_dd_icon":false,"show_discover_icon":false,"show_google_icon":false,"show_maestro_icon":false,"show_mastercard_icon":true,"show_moneybookers_icon":false,"show_paypal_icon":false,"show_sagepay_icon":false,"show_solo_icon":false,"show_switch_icon":false,"show_visa_icon":true,"show_visaelectron_icon":false,"show_western_icon":false,"footer_bg_image":"nobackground","footer_text":"#6b765f","footer_links":"#6b765f","footer_links_hover":"#000000","backtop_icon":"icon-up-light.png","show_cart_note":true,"show_extra_checkout_options":true,"show_terms_cart":true,"cart_terms_text":"I agree with the <a href=\"\/pages\/terms-and-conditions\" target=\"_blank\">Terms and Conditions<\/a>","cart_terms_popup":"You must agree with the terms and conditions of sale to check out","shipping_calculator":"Disabled","shipping_calculator_heading":"Get shipping estimates","shipping_calculator_default_country":"United States","shipping_calculator_submit_button_label":"Calculate shipping","shipping_calculator_submit_button_label_disabled":"Calculating...","checkout_logo_height":"100","chk_logo_solid":false,"chk_logo_bg":"#222222","chk_page_bg":"#ffffff","chk_page_text":"#234d61","chk_page_headings":"#ff5300","chk_page_links":"#ff5300","chk_page_links_hover":"#333333","chk_page_box_bg":"#ebfaf7","chk_page_cost":"#ff5300","chk_add_notify_bg":"#55c900","chk_add_notify_text":"#ffffff","show_multiple_currencies":true,"currency_format":"money_format","supported_currencies":"USD GBP EUR CAD","default_currency":"USD","lang_sales":"Sales","lang_sales_phone":"(+44) 20 8089 1661","lang_support":"Support","lang_support_phone":"(+44) 15 1947 0377","lang_baner_hour":"Hour","lang_baner_hours":"Hours","lang_hours":"Mon - Fri 10:00 AM to 6:00 PM","lang_myaccount":"My Account","lang_wishlist":"My Cart","lang_mycart":"My Cart","lang_checkout":"Checkout","lang_login":"Login","lang_logout":"Logout","lang_or":"OR","lang_signup":"Signup","lang_account":"Account","lang_menu":"Menu","lang_cart":"Cart","lang_quick_overview":"Quick Overview","lang_top":"Top","lang_checkoutforpopularproducts":"Checkout For Popular Products","lang_itemstaggedas":"Items tagged as","lang_fullname":"Fullname","lang_from":"From","lang_company_name":"Company Name","lang_company_phone":"Company Phone","lang_coverage_area":"Coverage Area","lang_outdoor_reception":"Outdoor Reception","lang_additional_comments":"Additional Comments","lang_contact_form_message":"Thanks for contacting us! We'll get back to you as soon as possible.","lang_product_ref":"Product Ref","lang_product_outof_stock":"Sorry, this product is temporarily out of stock.","lang_extended_warranty":"Extended Warranty","lang_send":"Send","lang_in_of_stock":"In Stock","lang_out_of_stock":"Out of Stock","lang_product_unavailable":"Product is not available","lang_product_availability":"Availibility","lang_sold_out":"Sold Out","lang_special_price":"Special Price","lang_order_addons":"Add ons for your order","lang_optional_accessories":"Optional [1] Accessories","lang_no_thanks":"No Thanks","lang_none":"None","lang_product_details":"Product details","lang_add_to_cart":"Add to Cart","lang_cart_empty":"Your shopping cart is empty.","lang_large_image":"View Large Image","lang_small_image":"View Smaller Image","lang_choose_category":"Choose Category or Subcategory","lang_added_to_cart":"added to cart","lang_404_title":"404 Page Not Found","lang_404_text":"Sorry, the page you requested wasn't found","lang_read_more":"Read more","lang_type_your_search":"Type Your Search","lang_search":"Search","lang_testimonial_more":"More Testimonials","lang_no_testinonial_found":"No Testimonial found","lang_we_are_realy_sorry":"We're really sorry, but we can't find the page you're looking for.","lang_you_could_try_searching":"You could try searching or get in touch and we'll be happy to help.","lang_back_to":"Back to","lang_home_page":"Home Page","lang_previous_page":"Previous Page","lang_next":"Next","lang_your_cart":"Your Cart","lang_shoppingcartisempty":"Your shopping cart is empty","lang_continue_shopping":"Continue Shopping","lang_youmaylikefeatureditems":"Maybe you'd like one of our featured items","lang_featured_items":"Featured Items","lang_item":"Items","lang_price":"Price","lang_total":"total","lang_qty":"Qty","lang_uploadedfile":"Uploaded file","lang_remove":"Remove","lang_subtotal":"Sub-Total","lang_addnotetoorder":"Add a note to your order","lang_goto_checkout":"Go to Checkout","lang_update_cart":"Update Cart","lang_choosemobilecoverage":"Please choose one of our mobile coverage categories below to view products you are interested in…","lang_viewall":"View All","lang_items":"items","lang_sortby":"Sort By","lang_lowtohigh":"Price: Low to High","lang_hightolow":"Price : High to Low","lang_accountorderhistory":"Account Details and Order History","lang_order":"Order","lang_date":"Date","lang_payment_status":"Payment Status","lang_fulfillmentstatus":"Fulfillment-Status","lang_notplacedorder":"You haven't placed any orders yet","lang_activateaccount":"Activate Account","lang_createpasswordtoactive":"Create your password to activate your account","lang_password":"Password","lang_passwordconfirmation":"Password Confirmation","lang_decline_invitation":"Decline Invitation","lang_returntoaccountpage":"Return to Account page","lang_manageaccountaddress":"Manage Account Address","lang_addnewaddress":"Add New Address","lang_firstname":"First Name","lang_lastname":"Last Name","lang_company":"Company","lang_address1":"Address 1","lang_address2":"Address 2","lang_city":"City","lang_country":"Country","lang_Province":"Provience","lang_zip":"Zip","lang_Phone":"Phone","lang_setasdefaultaddress":"Set as Default Address","lang_cancel":"Cancel","lang_add_address":"Add Address","lang_update_address":"Update Address","lang_customer_login":"Customer Login","lang_loginmainline":"If you have an account with us, please log in.","lang_emailaddress":"Email Address","lang_forgotpassword":"Forgot Your Passwod?","lang_resetpassword":"Reset password","lang_resetpassword1":"Please enter your email address below. You will receive a link to reset your password.","lang_submit":"Submit","lang_signin":"Sign in","lang_new_customer":"New Customers","lang_dont_have_account":"Dont have an account? Checkout as a guest and create one","lang_continue_guest":"Continue as Guest","lang_by_creating_account":"By creating an account with our store, you will be able to move through the checkout process faster, store multiple shipping addresses, view and track your orders in your account and more.","lang_register_now":"Register now","lang_order_cancelled":"Order Cancelled","lang_on":"On","lang_placed_on":"Placed on","lang_billing_address":"Billing Address","lang_shipping_address":"Shipping Address","lang_product":"Product","lang_sku":"SKU","lang_quantity":"Quantity","lang_fulfilled":"Fulfilled","lang_discount":"Discount","lang_shipping":"Shipping","lang_tax":"Tax","lang_create_account":"Create Account","lang_create":"Create","lang_enter_passwordfor":"Enter a new password for","lang_collections":"Collections","lang_our_best_products":"Our Best Products","lang_contact_page_error":"Oops, sorry. We were unable to submit your inquiry because it contained","lang_contact_page_error1":"Please correct the following and submit again","lang_sorry_nothing_found_for":"Sorry, nothing found for","lang_results_for":"Result For","lang_mobile_provider":"Mobile Provider","lang_more_than_5000m":"More then 5000m","lang_sale":"Sale","lang_you_may_also_like":"You may also like","lang_moneybackinfo":"Moneyback info","lang_moneyback_short_desc":"Money back Guarantee","deal_title":"Black Friday Deals!","deal_title_color":"#ffffff","deal_description":"Save 10% on everything!  Use code: <strong>BLACKFRIDAY16<\/strong>","deal_exceptions":"","deal_banner_color":"#225393","deal_text_color":"#8cbc00","deal_exceptions_text_color":"#ffffff","deal_timer_color":"#ffffff","deal_start_date":"2016\/1\/21","deal_end_date":"","deal_interval":"0","user_css":"","checkout_header_image":"","checkout_use_storefront_logo":true,"checkout_logo_image":"shopify:\/\/shop_images\/checkout_logo_3.png","checkout_logo_position":"left","checkout_logo_size":"medium","checkout_body_background_image":"","checkout_body_background_color":"#fff","checkout_input_background_color_mode":"white","checkout_sidebar_background_image":"","checkout_sidebar_background_color":"#fafafa","checkout_heading_font":"Helvetica Neue","checkout_body_font":"Helvetica Neue","checkout_accent_color":"#2a9dcc","checkout_button_color":"#2a9dcc","checkout_error_color":"#ff6d6d","checkout_use_header_image":false,"checkout_logo":"logo.png","checkout_use_body_background_image":false,"checkout_use_sidebar_background_image":false,"checkout_banner_background_color":"#ffffff","checkout_headline":"","checkout_call_to_action_color":"#8fc243","customer_layout":"theme","show_sofort_icon":"true","show_shopify_secure_icon":"true","lang_product_add":"Items added to","lang_tel":"Tel","lang_tel_phone":"(+49) 02045-859387","lang_email_top_text":"E-mail","lang_email_top":"sales@mobilerepeatergermany.com","lang_Tel_Nummer":"Tel. Nummer","lang_company_society":"Firma \/ Gesellschaft","lang_bussines":"Betrieb","lang_message":"Nachricht","lang_bars":"Balken","lang_search_store":"Suche speichern","lang_search_notfound":"Sorry, nichts gefunden","lang_sorry_product_unavailable":"Es tut uns leid, dieses Produkt ist derzeit nicht verfügbar.","lang_add_grinder":"Fügen Sie eine Mühle, um Ihre Bestellung?","lang_aromatherapy_blends":"Aromatherapie Blends","lang_aromatherapy":"Aromatherapie","lang_aromatherapy_purposes":"Nur für Aromatherapie Zwecke","lang_desktop_vape_title":"Desktop-Vaporizer - Wenn Sie schauen, um zu gehen schön langsam.","lang_desktop_vape_desc":"Desktop-Verdampfer werden durch eine Netzsteckdose angeschlossen und sind sehr effizient bei der Herstellung Dampf. Die meisten Hinter Verdampfer nutzen eine Peitsche, die den Benutzer, um den Dampf durch Vinyl oder Silikonschlauch inhalieren kann.","lang_portable_vape_title":"Tragbare Vaporizer - Ideal für, wenn Sie unterwegs sind.","lang_portable_vape_desc":"Tragbare Vaporizer sind genau das - tragbar. Diese kompakte und leichte Vaporizer sind für Dampf-Enthusiasten auf dem Sprung gemacht. Tragbare Vaporizer kann fast überall eingesetzt werden und sind sehr einfach zu bedienen. Diese Geräte benötigen absolut keine Kabel oder Drähte. Also, wenn Sie schauen, um auf dem Sprung Vape, ist ein tragbarer Vaporizer die beste Option.","lang_blends_title":"Blends","lang_blends_desc":"Mischen Sie Vaporizer sind in der Lage Verdampfen Ihre Lieblings-Trockenaromamischungen . Wir empfehlen die Verwendung der Grinder für die effizienteste Verdampfungsprozess.","lang_oil_wax_title":"Öl \/ Wachs-","lang_oil_wax_desc":"Oil\/Wax Vaporizers are intended for any type of oil, wax or other concentrate. Some of these Vaporizers feature a cartridge system whereas others utilize an oil dish\/bowl.","lang_dual_blend_title":"Dual Compatibility (Blends\/Oil\/Wax)","lang_dual_blend_desc":"Dual Compatibility Vaporizers are made for everything. These Vaporizers allow you to efficiently vaporize any type of dry blend, oil, wax or other concentrate.","lang_whip_title":"Whip-style","lang_whip_desc":"Whip-Style Vaporizers allow the user to inhale vapor through vinyl or silicone tubing by pulling hot air over the material from the heat source.","lang_forced_air_title":"Forced-air (Balloon Bag)","lang_forced_air_desc":"Forced-Air Vaporizers utilize an internal fan that propels hot air over your material, thereby creating a steady stream of vapor that is typically collected in a balloon bag.","lang_dual_whip_air_title":"Dual - Whip-Style & Forced-Air","lang_dual_whip_air_desc":"Dual-Delivery Vaporizers provide the user with options. You can inhale the vapor through the simplified whip-system or with the advanced forced-air system.","lang_battery_title":"Battery","lang_battery_desc":"Batteries provide a reliable and efficient power source because they provide a consistent flow of energy to the device.","lang_butane_title":"Butane","lang_butane_desc":"Butane-Powered Vaporizers are great for people on the go and who don’t want to be tied down to a power outlet.","lang_flame_title":"Flame\/Lighter","lang_flame_desc":"Flame\/Lighter Vaporizers are very convenient and allow for a quick heat-up time. No cords or wires of any kind.","lang_step1":"Step1","lang_step2":"Step 2","lang_step3":"Step 3","lang_previous":"Previous","lang_subscribe":"","lang_not_sure_no_prods":"Unfortunatly there are no products that fit your search. Please try a new search.","lang_not_sure_try_again":"Click here to go back and try again","lang_aromatherapy_footer":"All products shown are intended for aromatherapy purposes only.","lang_shopping_cart":"Shopping Cart","lang_prod_desc":"Product Description","lang_price_each":"Price Each","lang_shipping_info":"Including GST. Local Canadian Shipping included on orders over $150.00. You can apply your discount at step 2 of the following Checkout.","lang_proceed_checkout":"zur Kasse gehen","lang_no_results":"No Results","lang_no_search_results":"Sorry, we didn't find anything matching","lang_search_results":"Search results for","lang_results":"Ergebnisse","lang_from_the_blog":"From the Blog","lang_vaporizer":"Vaporizer","lang_water_tool":"Includes Water Tool","lang_accessories_alt":"Click here to see [1] Accessories","lang_remove_cart_alert":"Are you sure you want to remove the following?:","lang_phone":"Tel","lang_avail_hours":"Sales: 10AM - 10PM","lang_avail_days":"Monday - Friday","lang_am":"AM L","lang_to":"to L","lang_pm":"PM L","lang_mon-fri":"Mon-Fri L","lang_min":"min","lang_mins":"mins","lang_sec":"sec","lang_secs":"secs","lang_home":"Home","lang_time_left":"Time Left:","lang_day":"day","lang_days":"days","lang_hour":"hour","border_color":"#ffffff","logo_color_hover":"#ff8e0f","logo_font_size":"64","slide_height":"273","slider_speed":"7000","slide_7_link":"\/collections\/all","slide_8_link":"\/collections\/all","slide_9_link":"\/collections\/all","slide_10_link":"\/collections\/all","carousel_heading":"Featured items...","carousel_speed":"7000","featured_bg":"#ffffff","button_bg_color":"#ff7701","thumbnail_bg":"#ffffff","thumbnail_caption":"#cccccc","thumbnail_caption_hover":"#ffffff","thumbnail_price_bg":"#dddddd","thumbnail_price_text":"#777777","navigation_bg_color":"#c1e7f7","navigation_text":"#819ba6","navigation_text_hover":"#ff5300","nav_border_color":"#ffffff","search_bg":"#ffffff","search_text":"#3587aa","sub_bg_color":"#d4eef9","sub_menu_text":"#98aab3","sub_menu_text_hover":"#ff5300","product_form":"#fffdea","side_section_bg":"#FFFFFF","accordion_headings_text":"#256781","accordion_headings_active":"#FFFFFF","accordion_headings_bg":"#84d0f0","accordion_headings_bg_hover":"#ff5300","accordion_link_color":"#ff5300","accordion_link_hover_color":"#000000","accordion_link_bg":"#ffffff","accordion_link_hover_bg_color":"#dddddd","comment_form_borders":"#ffffff","comment_form_headings":"#333333","comment_form_labels":"#777777","comment_form_field_bg":"#ffffff","comment_form_field_text":"#333333","blog_image_bg":"#f6f6f6","comment_notice_bg":"#005b7f","comment_notice_text":"#ffffff","paginate_bg":"#eeeeee","paginate_bg_hover":"#cccccc","paginate_text":"#ff5300","paginate_text_hover":"#000000","paginate_current_bg":"#ff5300","paginate_current_text":"#ffffff","google_webfont_font":"<link href='http:\/\/fonts.googleapis.com\/css?family=Unkempt:400,700' rel='stylesheet' type='text\/css'>","google_webfont_font_name":"Unkempt","sidebar_position":"left","regular_font":"Helvetica, Arial, sans-serif","nav_transform":"none","nav_active_color":"white","logo_font_bold":"true","show_home_collection":"true","show_slider":"true","show_slide_1":"true","show_slide_2":"true","show_slide_3":"true","show_slide_4":"false","show_slide_5":"false","show_slide_6":"false","show_slide_7":"false","show_slide_8":"false","show_slide_9":"false","show_slide_10":"false","show_carousel":"true","special_nav_font":"true","special_button_font":"true","nav_font_bold":"true","product_show_tweet":"true","product_show_like":"true","product_show_gplus":"true","product_show_pinterest":"true","typeface_method":"google_webfonts","carousel_collection":"frontpage","shop_tagline":"","shop_keywords":"","header_font_bold":"false","sub_total_bg":"#ffffff","sub_total_text":"#272d33","lang_accessories":"","lang_larg_image":"View Large Image","lang_happy_browsing":"","lang_info_text":"","script_livechat":"","lang_warranty_faq":"","lang_404":"Sorry, the page you requested wasn't found.","lang_copyright":"All products shown are intended for aromatherapy purposes only.","time_left":"Time Left:","content_for_index":[]}}